<metadata xml:lang="en"><Esri><CreaDate>20210113</CreaDate><CreaTime>14444500</CreaTime><ArcGISFormat>1.0</ArcGISFormat><SyncOnce>FALSE</SyncOnce><DataProperties><itemProps><itemName Sync="TRUE">Master_shapefile_8March2021</itemName><imsContentType Sync="TRUE">002</imsContentType><itemSize Sync="TRUE">0.000</itemSize><itemLocation><linkage Sync="TRUE">file://\\DESKTOP-9PQ69P3\C$\Users\Likhitha\Desktop\Unit\GIS files\Master shapefile 8March2021\Master_shapefile_8March2021.shp</linkage><protocol Sync="TRUE">Local Area Network</protocol></itemLocation></itemProps><coordRef><type Sync="TRUE">Projected</type><geogcsn Sync="TRUE">GCS_WGS_1984</geogcsn><csUnits Sync="TRUE">Linear Unit: Meter (1.000000)</csUnits><projcsn Sync="TRUE">WGS_1984_Web_Mercator_Auxiliary_Sphere</projcsn><peXml Sync="TRUE">&lt;ProjectedCoordinateSystem xsi:type='typens:ProjectedCoordinateSystem' xmlns:xsi='http://www.w3.org/2001/XMLSchema-instance' xmlns:xs='http://www.w3.org/2001/XMLSchema' xmlns:typens='http://www.esri.com/schemas/ArcGIS/2.6.0'&gt;&lt;WKT&gt;PROJCS[&amp;quot;WGS_1984_Web_Mercator_Auxiliary_Sphere&amp;quot;,GEOGCS[&amp;quot;GCS_WGS_1984&amp;quot;,DATUM[&amp;quot;D_WGS_1984&amp;quot;,SPHEROID[&amp;quot;WGS_1984&amp;quot;,6378137.0,298.257223563]],PRIMEM[&amp;quot;Greenwich&amp;quot;,0.0],UNIT[&amp;quot;Degree&amp;quot;,0.0174532925199433]],PROJECTION[&amp;quot;Mercator_Auxiliary_Sphere&amp;quot;],PARAMETER[&amp;quot;False_Easting&amp;quot;,0.0],PARAMETER[&amp;quot;False_Northing&amp;quot;,0.0],PARAMETER[&amp;quot;Central_Meridian&amp;quot;,0.0],PARAMETER[&amp;quot;Standard_Parallel_1&amp;quot;,0.0],PARAMETER[&amp;quot;Auxiliary_Sphere_Type&amp;quot;,0.0],UNIT[&amp;quot;Meter&amp;quot;,1.0],AUTHORITY[&amp;quot;EPSG&amp;quot;,3857]]&lt;/WKT&gt;&lt;XOrigin&gt;-20037700&lt;/XOrigin&gt;&lt;YOrigin&gt;-30241100&lt;/YOrigin&gt;&lt;XYScale&gt;148923141.92838538&lt;/XYScale&gt;&lt;ZOrigin&gt;-100000&lt;/ZOrigin&gt;&lt;ZScale&gt;10000&lt;/ZScale&gt;&lt;MOrigin&gt;-100000&lt;/MOrigin&gt;&lt;MScale&gt;10000&lt;/MScale&gt;&lt;XYTolerance&gt;0.001&lt;/XYTolerance&gt;&lt;ZTolerance&gt;0.001&lt;/ZTolerance&gt;&lt;MTolerance&gt;0.001&lt;/MTolerance&gt;&lt;HighPrecision&gt;true&lt;/HighPrecision&gt;&lt;WKID&gt;102100&lt;/WKID&gt;&lt;LatestWKID&gt;3857&lt;/LatestWKID&gt;&lt;/ProjectedCoordinateSystem&gt;</peXml></coordRef><lineage><Process ToolSource="c:\program files\arcgis\pro\Resources\ArcToolbox\toolboxes\Conversion Tools.tbx\FeatureClassToFeatureClass" Date="20210113" Time="144446" Name="" export="">FeatureClassToFeatureClass BLMWY-2020-Q4_WGS84 "C:\Users\Likhitha\Desktop\Unit\BLM Sales - Q4 Sale Results\Wyoming shapefile" Wyoming_BLM_leases.shp # "PARCELID "PARCELID" true true false 254 Text 0 0,First,#,BLMWY-2020-Q4_WGS84,PARCELID,0,254;lot_no "lot_no" true true false 10 Long 0 10,First,#,BLMWY-2020-Q4_WGS84,lot_no,-1,-1;tract_id "tract_id" true true false 10 Long 0 10,First,#,BLMWY-2020-Q4_WGS84,tract_id,-1,-1;short_code "short_code" true true false 13 Text 0 0,First,#,BLMWY-2020-Q4_WGS84,short_code,0,13;label "label" true true false 15 Text 0 0,First,#,BLMWY-2020-Q4_WGS84,label,0,15" #</Process><Process ToolSource="c:\program files\arcgis\pro\Resources\ArcToolbox\toolboxes\Data Management Tools.tbx\Merge" Date="20210113" Time="150313" Name="" export="">Merge Wyoming_BLM_leases;Master_shapefile_16Sept H:\Assignments\AVINASH\Sagar\Geodatabses\Sagar.gdb\Master_shapefile_13Jan21 "PARCELID "PARCELID" true true false 254 Text 0 0,First,#,Wyoming_BLM_leases,PARCELID,0,254;lot_no "lot_no" true true false 10 Long 0 10,First,#,Wyoming_BLM_leases,lot_no,-1,-1;tract_id "tract_id" true true false 10 Long 0 10,First,#,Wyoming_BLM_leases,tract_id,-1,-1;short_code "short_code" true true false 13 Text 0 0,First,#,Wyoming_BLM_leases,short_code,0,13;label "label" true true false 15 Text 0 0,First,#,Wyoming_BLM_leases,label,0,15;OBJECTID "OBJECTID" true true false 4 Long 0 0,First,#,Master_shapefile_16Sept,OBJECTID,-1,-1;LEASE_NO "LEASE_NO" true true false 80 Text 0 0,First,#,Master_shapefile_16Sept,LEASE_NO,0,80;EFFECTIVE "EFFECTIVE" true true false 80 Text 0 0,First,#,Master_shapefile_16Sept,EFFECTIVE,0,80;COUNTY "COUNTY" true true false 80 Text 0 0,First,#,Master_shapefile_16Sept,COUNTY,0,80;ST "ST" true true false 80 Text 0 0,First,#,Master_shapefile_16Sept,ST,0,80;Ownership "Ownership" true true false 80 Text 0 0,First,#,Master_shapefile_16Sept,Ownership,0,80;GeneralLoc "GeneralLoc" true true false 80 Text 0 0,First,#,Master_shapefile_16Sept,GeneralLoc,0,80;Due_Year "Due_Year" true true false 8 Double 0 0,First,#,Master_shapefile_16Sept,Due_Year,-1,-1;Acres "Acres" true true false 8 Double 0 0,First,#,Master_shapefile_16Sept,Acres,-1,-1;COMMENTS "COMMENTS" true true false 254 Text 0 0,First,#,Master_shapefile_16Sept,COMMENTS,0,254;Est_Bonus "Est_Bonus" true true false 4 Long 0 0,First,#,Master_shapefile_16Sept,Est_Bonus,-1,-1;Exp_date "Exp_date" true true false 8 Date 0 0,First,#,Master_shapefile_16Sept,Exp_date,-1,-1;Shape_Length "Shape_Length" false true true 8 Double 0 0,First,#,Master_shapefile_16Sept,Shape_Length,-1,-1;Shape_Area "Shape_Area" false true true 8 Double 0 0,First,#,Master_shapefile_16Sept,Shape_Area,-1,-1;Comments_1 "Comments" true true false 8000 Text 0 0,First,#,Master_shapefile_16Sept,Comments_1,0,8000" NO_SOURCE_INFO</Process><Process ToolSource="c:\program files\arcgis\pro\Resources\ArcToolbox\toolboxes\Data Management Tools.tbx\DeleteField" Date="20210113" Time="163129" Name="" export="">DeleteField Master_shapefile_13Jan21 PARCELID</Process><Process ToolSource="c:\program files\arcgis\pro\Resources\ArcToolbox\toolboxes\Data Management Tools.tbx\DeleteField" Date="20210114" Time="103829" Name="" export="">DeleteField Master_shapefile_13Jan21 short_code</Process><Process ToolSource="c:\program files\arcgis\pro\Resources\ArcToolbox\toolboxes\Data Management Tools.tbx\DeleteField" Date="20210114" Time="103848" Name="" export="">DeleteField Master_shapefile_13Jan21 label</Process><Process ToolSource="c:\program files\arcgis\pro\Resources\ArcToolbox\toolboxes\Data Management Tools.tbx\DeleteField" Date="20210114" Time="103913" Name="" export="">DeleteField Master_shapefile_13Jan21 OBJECTID</Process><Process ToolSource="c:\program files\arcgis\pro\Resources\ArcToolbox\toolboxes\Data Management Tools.tbx\DeleteField" Date="20210114" Time="103929" Name="" export="">DeleteField Master_shapefile_13Jan21 tract_id</Process><Process ToolSource="c:\program files\arcgis\pro\Resources\ArcToolbox\toolboxes\Data Management Tools.tbx\Merge" Date="20210119" Time="122749" Name="" export="">Merge Master_shapefile_13Jan21;'Eastern states Q4 sales' H:\Assignments\AVINASH\Sagar\Geodatabses\Sagar.gdb\Master_shapefile_19Jan21 "lot_no "lot_no" true true false 4 Long 0 0,First,#,Master_shapefile_13Jan21,lot_no,-1,-1,Eastern states Q4 sales,lot_no,-1,-1;LEASE_NO "LEASE_NO" true true false 80 Text 0 0,First,#,Master_shapefile_13Jan21,LEASE_NO,0,80;EFFECTIVE "EFFECTIVE" true true false 80 Text 0 0,First,#,Master_shapefile_13Jan21,EFFECTIVE,0,80;COUNTY "COUNTY" true true false 80 Text 0 0,First,#,Master_shapefile_13Jan21,COUNTY,0,80;ST "ST" true true false 80 Text 0 0,First,#,Master_shapefile_13Jan21,ST,0,80;Ownership "Ownership" true true false 80 Text 0 0,First,#,Master_shapefile_13Jan21,Ownership,0,80;GeneralLoc "GeneralLoc" true true false 80 Text 0 0,First,#,Master_shapefile_13Jan21,GeneralLoc,0,80;Due_Year "Due_Year" true true false 8 Double 0 0,First,#,Master_shapefile_13Jan21,Due_Year,-1,-1;Acres "Acres" true true false 8 Double 0 0,First,#,Master_shapefile_13Jan21,Acres,-1,-1;COMMENTS "COMMENTS" true true false 254 Text 0 0,First,#,Master_shapefile_13Jan21,COMMENTS,0,254;Est_Bonus "Est_Bonus" true true false 4 Long 0 0,First,#,Master_shapefile_13Jan21,Est_Bonus,-1,-1;Exp_date "Exp_date" true true false 8 Date 0 0,First,#,Master_shapefile_13Jan21,Exp_date,-1,-1;Comments_1 "Comments" true true false 8000 Text 0 0,First,#,Master_shapefile_13Jan21,Comments_1,0,8000;Shape_Length "Shape_Length" false true true 8 Double 0 0,First,#,Master_shapefile_13Jan21,Shape_Length,-1,-1;Shape_Area "Shape_Area" false true true 8 Double 0 0,First,#,Master_shapefile_13Jan21,Shape_Area,-1,-1;Serial_Num "Serial_Num" true true false 30 Text 0 0,First,#,Eastern states Q4 sales,Serial_Num,0,30;tract_id "tract_id" true true false 10 Long 0 10,First,#,Eastern states Q4 sales,tract_id,-1,-1;short_code "short_code" true true false 13 Text 0 0,First,#,Eastern states Q4 sales,short_code,0,13;label "label" true true false 15 Text 0 0,First,#,Eastern states Q4 sales,label,0,15" NO_SOURCE_INFO</Process><Process ToolSource="c:\program files\arcgis\pro\Resources\ArcToolbox\toolboxes\Data Management Tools.tbx\DeleteField" Date="20210119" Time="124001" Name="" export="">DeleteField Master_shapefile_19Jan21 Serial_Num</Process><Process ToolSource="c:\program files\arcgis\pro\Resources\ArcToolbox\toolboxes\Data Management Tools.tbx\DeleteField" Date="20210119" Time="124012" Name="" export="">DeleteField Master_shapefile_19Jan21 tract_id</Process><Process ToolSource="c:\program files\arcgis\pro\Resources\ArcToolbox\toolboxes\Data Management Tools.tbx\DeleteField" Date="20210119" Time="140555" Name="" export="">DeleteField Master_shapefile_19Jan21 label</Process><Process ToolSource="c:\program files\arcgis\pro\Resources\ArcToolbox\toolboxes\Data Management Tools.tbx\DeleteField" Date="20210119" Time="140607" Name="" export="">DeleteField Master_shapefile_19Jan21 short_code</Process><Process ToolSource="c:\program files\arcgis\pro\Resources\ArcToolbox\toolboxes\Conversion Tools.tbx\FeatureClassToFeatureClass" Date="20210308" Time="185312">FeatureClassToFeatureClass Master_shapefile_19Jan21 "C:\Users\Likhitha\Desktop\Unit\GIS files\Master shapefile 8March2021" Master_shapefile_8March2021.shp # "lot_no "lot_no" true true false 4 Long 0 0,First,#,Master_shapefile_19Jan21,lot_no,-1,-1;LEASE_NO "LEASE_NO" true true false 80 Text 0 0,First,#,Master_shapefile_19Jan21,LEASE_NO,0,80;EFFECTIVE "EFFECTIVE" true true false 80 Text 0 0,First,#,Master_shapefile_19Jan21,EFFECTIVE,0,80;COUNTY "COUNTY" true true false 80 Text 0 0,First,#,Master_shapefile_19Jan21,COUNTY,0,80;ST "ST" true true false 80 Text 0 0,First,#,Master_shapefile_19Jan21,ST,0,80;Ownership "Ownership" true true false 80 Text 0 0,First,#,Master_shapefile_19Jan21,Ownership,0,80;GeneralLoc "GeneralLoc" true true false 80 Text 0 0,First,#,Master_shapefile_19Jan21,GeneralLoc,0,80;Due_Year "Due_Year" true true false 8 Double 0 0,First,#,Master_shapefile_19Jan21,Due_Year,-1,-1;Acres "Acres" true true false 8 Double 0 0,First,#,Master_shapefile_19Jan21,Acres,-1,-1;COMMENTS "COMMENTS" true true false 254 Text 0 0,First,#,Master_shapefile_19Jan21,COMMENTS,0,254;Est_Bonus "Est_Bonus" true true false 4 Long 0 0,First,#,Master_shapefile_19Jan21,Est_Bonus,-1,-1;Exp_date "Exp_date" true true false 8 Date 0 0,First,#,Master_shapefile_19Jan21,Exp_date,-1,-1;Comments_1 "Comments" true true false 8000 Text 0 0,First,#,Master_shapefile_19Jan21,Comments_1,0,8000;Shape_Length "Shape_Length" false true true 8 Double 0 0,First,#,Master_shapefile_19Jan21,Shape_Length,-1,-1;Shape_Area "Shape_Area" false true true 8 Double 0 0,First,#,Master_shapefile_19Jan21,Shape_Area,-1,-1" #</Process></lineage><LayerFile>{"type":"CIMLayerDocument","version":"2.6.0","build":24783,"layers":["CIMPATH=map/master_shapefile_8march2021.xml"],"layerDefinitions":[{"type":"CIMFeatureLayer","name":"Master_shapefile_8March2021","uRI":"CIMPATH=map/master_shapefile_8march2021.xml","sourceModifiedTime":{"type":"TimeInstant"},"useSourceMetadata":true,"description":"Master_shapefile_8March2021","layerElevation":{"type":"CIMLayerElevationSurface","mapElevationID":"{0D39CA53-3A61-4AF4-BFFD-6D4C21123F2A}"},"expanded":true,"layer3DProperties":{"type":"CIM3DLayerProperties","castShadows":true,"isLayerLit":true,"layerFaceCulling":"None","maxDistance":-1,"minDistance":-1,"preloadTextureCutoffHigh":0,"preloadTextureCutoffLow":0.25,"textureCutoffHigh":0.25,"textureCutoffLow":1,"useCompressedTextures":true,"verticalExaggeration":1,"exaggerationMode":"ScaleZ","verticalUnit":{"uwkid":9001},"lighting":"OneSideDataNormal"},"layerType":"Operational","showLegends":true,"visibility":true,"displayCacheType":"Permanent","maxDisplayCacheAge":5,"showPopups":true,"serviceLayerID":-1,"refreshRate":-1,"refreshRateUnit":"esriTimeUnitsSeconds","autoGenerateFeatureTemplates":true,"featureElevationExpression":"0","featureTable":{"type":"CIMFeatureTable","displayField":"lot_no","editable":true,"dataConnection":{"type":"CIMStandardDataConnection","workspaceConnectionString":"DATABASE=..\\..\\..\\..\\Desktop\\Unit\\GIS files\\Master shapefile 8March2021","workspaceFactory":"Shapefile","dataset":"Master_shapefile_8March2021","datasetType":"esriDTFeatureClass"},"studyAreaSpatialRel":"esriSpatialRelUndefined","searchOrder":"esriSearchOrderSpatial"},"htmlPopupEnabled":true,"selectable":true,"featureCacheType":"Session","displayFiltersType":"ByScale","labelClasses":[{"type":"CIMLabelClass","expression":"$feature.PARCELID","expressionEngine":"Arcade","featuresToLabel":"AllVisibleFeatures","maplexLabelPlacementProperties":{"type":"CIMMaplexLabelPlacementProperties","featureType":"Polygon","avoidPolygonHoles":true,"canOverrunFeature":true,"canPlaceLabelOutsidePolygon":true,"canRemoveOverlappingLabel":true,"canStackLabel":true,"connectionType":"Unambiguous","constrainOffset":"NoConstraint","contourAlignmentType":"Page","contourLadderType":"Straight","contourMaximumAngle":90,"enableConnection":true,"featureWeight":0,"fontHeightReductionLimit":4,"fontHeightReductionStep":0.5,"fontWidthReductionLimit":90,"fontWidthReductionStep":5,"graticuleAlignmentType":"Straight","keyNumberGroupName":"Default","labelBuffer":15,"labelLargestPolygon":true,"labelPriority":-1,"labelStackingProperties":{"type":"CIMMaplexLabelStackingProperties","stackAlignment":"ChooseBest","maximumNumberOfLines":3,"minimumNumberOfCharsPerLine":3,"maximumNumberOfCharsPerLine":24,"separators":[{"type":"CIMMaplexStackingSeparator","separator":" ","splitAfter":true},{"type":"CIMMaplexStackingSeparator","separator":",","visible":true,"splitAfter":true}]},"lineFeatureType":"General","linePlacementMethod":"OffsetCurvedFromLine","maximumLabelOverrun":80,"maximumLabelOverrunUnit":"Point","minimumFeatureSizeUnit":"Map","multiPartOption":"OneLabelPerPart","offsetAlongLineProperties":{"type":"CIMMaplexOffsetAlongLineProperties","placementMethod":"BestPositionAlongLine","labelAnchorPoint":"CenterOfLabel","distanceUnit":"Percentage","useLineDirection":true},"pointExternalZonePriorities":{"type":"CIMMaplexExternalZonePriorities","aboveLeft":4,"aboveCenter":2,"aboveRight":1,"centerRight":3,"belowRight":5,"belowCenter":7,"belowLeft":8,"centerLeft":6},"pointPlacementMethod":"AroundPoint","polygonAnchorPointType":"GeometricCenter","polygonBoundaryWeight":0,"polygonExternalZones":{"type":"CIMMaplexExternalZonePriorities","aboveLeft":4,"aboveCenter":2,"aboveRight":1,"centerRight":3,"belowRight":5,"belowCenter":7,"belowLeft":8,"centerLeft":6},"polygonFeatureType":"General","polygonInternalZones":{"type":"CIMMaplexInternalZonePriorities","center":1},"polygonPlacementMethod":"HorizontalInPolygon","primaryOffset":1,"primaryOffsetUnit":"Point","removeExtraWhiteSpace":true,"repetitionIntervalUnit":"Point","rotationProperties":{"type":"CIMMaplexRotationProperties","rotationType":"Arithmetic","alignmentType":"Straight"},"secondaryOffset":100,"strategyPriorities":{"type":"CIMMaplexStrategyPriorities","stacking":1,"overrun":2,"fontCompression":3,"fontReduction":4,"abbreviation":5},"thinningDistanceUnit":"Point","truncationMarkerCharacter":".","truncationMinimumLength":1,"truncationPreferredCharacters":"aeiou","truncationExcludedCharacters":"0123456789"},"name":"Class 1","priority":-1,"standardLabelPlacementProperties":{"type":"CIMStandardLabelPlacementProperties","featureType":"Line","featureWeight":"Low","labelWeight":"High","numLabelsOption":"OneLabelPerName","lineLabelPosition":{"type":"CIMStandardLineLabelPosition","above":true,"inLine":true,"parallel":true},"lineLabelPriorities":{"type":"CIMStandardLineLabelPriorities","aboveStart":3,"aboveAlong":3,"aboveEnd":3,"centerStart":3,"centerAlong":3,"centerEnd":3,"belowStart":3,"belowAlong":3,"belowEnd":3},"pointPlacementMethod":"AroundPoint","pointPlacementPriorities":{"type":"CIMStandardPointPlacementPriorities","aboveLeft":2,"aboveCenter":2,"aboveRight":1,"centerLeft":3,"centerRight":2,"belowLeft":3,"belowCenter":3,"belowRight":2},"rotationType":"Arithmetic","polygonPlacementMethod":"AlwaysHorizontal"},"textSymbol":{"type":"CIMSymbolReference","symbol":{"type":"CIMTextSymbol","blockProgression":"TTB","depth3D":1,"extrapolateBaselines":true,"fontEffects":"Normal","fontEncoding":"Unicode","fontFamilyName":"Tahoma","fontStyleName":"Regular","fontType":"Unspecified","haloSize":1,"height":10,"hinting":"Default","horizontalAlignment":"Left","kerning":true,"letterWidth":100,"ligatures":true,"lineGapType":"ExtraLeading","symbol":{"type":"CIMPolygonSymbol","symbolLayers":[{"type":"CIMSolidFill","enable":true,"color":{"type":"CIMRGBColor","values":[0,0,0,100]}}]},"textCase":"Normal","textDirection":"LTR","verticalAlignment":"Bottom","verticalGlyphOrientation":"Right","wordSpacing":100,"billboardMode3D":"FaceNearPlane"}},"useCodedValue":true,"visibility":true,"iD":-1}],"renderer":{"type":"CIMSimpleRenderer","patch":"Default","symbol":{"type":"CIMSymbolReference","symbol":{"type":"CIMPolygonSymbol","symbolLayers":[{"type":"CIMSolidStroke","enable":true,"capStyle":"Round","joinStyle":"Round","lineStyle3D":"Strip","miterLimit":10,"width":0.40000000000000002,"color":{"type":"CIMRGBColor","values":[0,0,0,100]}},{"type":"CIMSolidFill","enable":true,"color":{"type":"CIMRGBColor","values":[181,53,53,100]}}]}}},"scaleSymbols":true,"snappable":true}]}</LayerFile></DataProperties><SyncDate>20210308</SyncDate><SyncTime>18531200</SyncTime><ModDate>20210308</ModDate><ModTime>18531200</ModTime><scaleRange><minScale>150000000</minScale><maxScale>5000</maxScale></scaleRange></Esri><dataIdInfo><envirDesc Sync="TRUE">Microsoft Windows 10 Version 10.0 (Build 19041) ; Esri ArcGIS 12.6.3.24783</envirDesc><dataLang><languageCode value="eng" Sync="TRUE"/><countryCode value="USA" Sync="TRUE"/></dataLang><idCitation><resTitle Sync="TRUE">Master_shapefile_8March2021</resTitle><presForm><PresFormCd value="005" Sync="TRUE"/></presForm></idCitation><spatRpType><SpatRepTypCd value="001" Sync="TRUE"/></spatRpType><idPurp>This layer is a Master shapefile containing BLM Leases of Magnum &amp; R&amp;R updated as of 19 January, 2021. Last version, which was updated to get this layer, was 'Master_shapefile_13Jan21'. Updates made were: addition of eastern states &amp; Wyoming BLM leases in Q4 sales of 2020 (additional changes may be made after 19 January, 2021).</idPurp><searchKeys><keyword>Magnum</keyword><keyword>R&amp;R</keyword><keyword>BLM Leases</keyword></searchKeys><idCredit>Magnum Producing LP, Sagar Patil, Likhitha Chodisetti</idCredit></dataIdInfo><mdLang><languageCode value="eng" Sync="TRUE"/><countryCode value="USA" Sync="TRUE"/></mdLang><mdChar><CharSetCd value="004" Sync="TRUE"/></mdChar><distInfo><distFormat><formatName Sync="TRUE">Shapefile</formatName></distFormat><distTranOps><transSize Sync="TRUE">0.000</transSize></distTranOps></distInfo><mdHrLv><ScopeCd value="005" Sync="TRUE"/></mdHrLv><mdHrLvName Sync="TRUE">dataset</mdHrLvName><refSysInfo><RefSystem><refSysID><identCode code="3857" Sync="TRUE"/><idCodeSpace Sync="TRUE">EPSG</idCodeSpace><idVersion Sync="TRUE">8.8(9.3.1.2)</idVersion></refSysID></RefSystem></refSysInfo><spatRepInfo><VectSpatRep><geometObjs Name="Master_shapefile_8March2021"><geoObjTyp><GeoObjTypCd value="002" Sync="TRUE"></GeoObjTypCd></geoObjTyp><geoObjCnt Sync="TRUE">0</geoObjCnt></geometObjs><topLvl><TopoLevCd value="001" Sync="TRUE"></TopoLevCd></topLvl></VectSpatRep></spatRepInfo><spdoinfo><ptvctinf><esriterm Name="Master_shapefile_8March2021"><efeatyp Sync="TRUE">Simple</efeatyp><efeageom code="4" Sync="TRUE"></efeageom><esritopo Sync="TRUE">FALSE</esritopo><efeacnt Sync="TRUE">0</efeacnt><spindex Sync="TRUE">FALSE</spindex><linrefer Sync="TRUE">TRUE</linrefer></esriterm></ptvctinf></spdoinfo><eainfo><detailed Name="Master_shapefile_8March2021"><enttyp><enttypl Sync="TRUE">Master_shapefile_8March2021</enttypl><enttypt Sync="TRUE">Feature Class</enttypt><enttypc Sync="TRUE">0</enttypc></enttyp><attr><attrlabl Sync="TRUE">FID</attrlabl><attalias Sync="TRUE">FID</attalias><attrtype Sync="TRUE">OID</attrtype><attwidth Sync="TRUE">4</attwidth><atprecis Sync="TRUE">0</atprecis><attscale Sync="TRUE">0</attscale><attrdef Sync="TRUE">Internal feature number.</attrdef><attrdefs Sync="TRUE">Esri</attrdefs><attrdomv><udom Sync="TRUE">Sequential unique whole numbers that are automatically generated.</udom></attrdomv></attr><attr><attrlabl Sync="TRUE">Shape</attrlabl><attalias Sync="TRUE">Shape</attalias><attrtype Sync="TRUE">Geometry</attrtype><attwidth Sync="TRUE">0</attwidth><atprecis Sync="TRUE">0</atprecis><attscale Sync="TRUE">0</attscale><attrdef Sync="TRUE">Feature geometry.</attrdef><attrdefs Sync="TRUE">Esri</attrdefs><attrdomv><udom Sync="TRUE">Coordinates defining the features.</udom></attrdomv></attr><attr><attrlabl Sync="TRUE">lot_no</attrlabl><attalias Sync="TRUE">lot_no</attalias><attrtype Sync="TRUE">Integer</attrtype><attwidth Sync="TRUE">10</attwidth><atprecis Sync="TRUE">10</atprecis><attscale Sync="TRUE">0</attscale></attr><attr><attrlabl Sync="TRUE">LEASE_NO</attrlabl><attalias Sync="TRUE">LEASE_NO</attalias><attrtype Sync="TRUE">String</attrtype><attwidth Sync="TRUE">80</attwidth><atprecis Sync="TRUE">0</atprecis><attscale Sync="TRUE">0</attscale></attr><attr><attrlabl Sync="TRUE">EFFECTIVE</attrlabl><attalias Sync="TRUE">EFFECTIVE</attalias><attrtype Sync="TRUE">String</attrtype><attwidth Sync="TRUE">80</attwidth><atprecis Sync="TRUE">0</atprecis><attscale Sync="TRUE">0</attscale></attr><attr><attrlabl Sync="TRUE">COUNTY</attrlabl><attalias Sync="TRUE">COUNTY</attalias><attrtype Sync="TRUE">String</attrtype><attwidth Sync="TRUE">80</attwidth><atprecis Sync="TRUE">0</atprecis><attscale Sync="TRUE">0</attscale></attr><attr><attrlabl Sync="TRUE">ST</attrlabl><attalias Sync="TRUE">ST</attalias><attrtype Sync="TRUE">String</attrtype><attwidth Sync="TRUE">80</attwidth><atprecis Sync="TRUE">0</atprecis><attscale Sync="TRUE">0</attscale></attr><attr><attrlabl Sync="TRUE">Ownership</attrlabl><attalias Sync="TRUE">Ownership</attalias><attrtype Sync="TRUE">String</attrtype><attwidth Sync="TRUE">80</attwidth><atprecis Sync="TRUE">0</atprecis><attscale Sync="TRUE">0</attscale></attr><attr><attrlabl Sync="TRUE">GeneralLoc</attrlabl><attalias Sync="TRUE">GeneralLoc</attalias><attrtype Sync="TRUE">String</attrtype><attwidth Sync="TRUE">80</attwidth><atprecis Sync="TRUE">0</atprecis><attscale Sync="TRUE">0</attscale></attr><attr><attrlabl Sync="TRUE">Due_Year</attrlabl><attalias Sync="TRUE">Due_Year</attalias><attrtype Sync="TRUE">Double</attrtype><attwidth Sync="TRUE">19</attwidth><atprecis Sync="TRUE">0</atprecis><attscale Sync="TRUE">0</attscale></attr><attr><attrlabl Sync="TRUE">Acres</attrlabl><attalias Sync="TRUE">Acres</attalias><attrtype Sync="TRUE">Double</attrtype><attwidth Sync="TRUE">19</attwidth><atprecis Sync="TRUE">0</atprecis><attscale Sync="TRUE">0</attscale></attr><attr><attrlabl Sync="TRUE">COMMENTS</attrlabl><attalias Sync="TRUE">COMMENTS</attalias><attrtype Sync="TRUE">String</attrtype><attwidth Sync="TRUE">254</attwidth><atprecis Sync="TRUE">0</atprecis><attscale Sync="TRUE">0</attscale></attr><attr><attrlabl Sync="TRUE">Est_Bonus</attrlabl><attalias Sync="TRUE">Est_Bonus</attalias><attrtype Sync="TRUE">Integer</attrtype><attwidth Sync="TRUE">10</attwidth><atprecis Sync="TRUE">10</atprecis><attscale Sync="TRUE">0</attscale></attr><attr><attrlabl Sync="TRUE">Exp_date</attrlabl><attalias Sync="TRUE">Exp_date</attalias><attrtype Sync="TRUE">Date</attrtype><attwidth Sync="TRUE">8</attwidth><atprecis Sync="TRUE">0</atprecis><attscale Sync="TRUE">0</attscale></attr><attr><attrlabl Sync="TRUE">Comments_1</attrlabl><attalias Sync="TRUE">Comments_1</attalias><attrtype Sync="TRUE">String</attrtype><attwidth Sync="TRUE">254</attwidth><atprecis Sync="TRUE">0</atprecis><attscale Sync="TRUE">0</attscale></attr><attr><attrlabl Sync="TRUE">Shape_Leng</attrlabl><attalias Sync="TRUE">Shape_Leng</attalias><attrtype Sync="TRUE">Double</attrtype><attwidth Sync="TRUE">19</attwidth><atprecis Sync="TRUE">0</atprecis><attscale Sync="TRUE">0</attscale></attr><attr><attrlabl Sync="TRUE">Shape_Area</attrlabl><attalias Sync="TRUE">Shape_Area</attalias><attrtype Sync="TRUE">Double</attrtype><attwidth Sync="TRUE">19</attwidth><atprecis Sync="TRUE">0</atprecis><attscale Sync="TRUE">0</attscale><attrdef Sync="TRUE">Area of feature in internal units squared.</attrdef><attrdefs Sync="TRUE">Esri</attrdefs><attrdomv><udom Sync="TRUE">Positive real numbers that are automatically generated.</udom></attrdomv></attr></detailed></eainfo><mdDateSt Sync="TRUE">20210308</mdDateSt></metadata>
