<?xml version="1.0" encoding="ISO-8859-1"?>
<!DOCTYPE metadata SYSTEM "http://www.fgdc.gov/metadata/fgdc-std-001-1998.dtd">
<metadata>
	<idinfo>
		<citation>
			<citeinfo>
				<origin>Bureau of Land Management</origin>
				<origin>U.S. Forest Service</origin>
				<pubdate>20060503</pubdate>
				<title>twnshp</title>
				<geoform Sync="TRUE">vector digital data</geoform>
				<pubinfo>
					<pubplace>Denver, Colorado</pubplace>
					<publish>Bureau of Land Management</publish>
				</pubinfo>
				<onlink>Server=lsi.blm.gov; Service=BLM_LSIS;Layer:Township</onlink>
				<ftname Sync="TRUE">lsi:sde.LSIS_twnshp</ftname></citeinfo>
		</citation>
		<descript>
			<abstract>This layer is based on Geographic Coordinate Data Base (GCDB) coordinate data.  The locations of Public Land Survey System (PLSS) corners, as represented in geographic coordinate pairs, were derived from a variety of source documents, which include U.S. General Land Office and BLM survey plats/notes, as well as survey data obtained from other U.S. Government agencies, private sector survey firms, and local governments. The attributes assigned to PLSS polygons were taken from the BLM's Legal Land Description (LLD) data set, contained within the Legacy Rehost for the year 2000 (LR2000) automated records system. The coordinate data was produced by using control stations of known location, with varying degrees of accuracy, from various sources which include but are not limited to; U.S. Geological Survey (USGS) topological quadrangles and other sources, National Geodetic Survey (NGS) and US Coast &amp; Geodetic Survey (USC&amp;GS) Cooperative Base Network (CBN) control, Federal Base Network control (FBN), and Continuous Operating Reference Stations (CORS), and Global Positioning System (GPS) data, which is then analyzed and adjusted in concert with official survey data for any given geographic area. The Land Survey Information System Data Base (LSIS) data is a useful representation of the geometry and topology of parcels contained within the PLSS, but its application is intended for mapping purposes only. The GCDB data served from LSIS is not a substitute for a legal land survey.</abstract>
			<purpose>The GCDB Data  was created to provide the BLM and its public with a set of geographic foundation data that accurately portrays the locations of PLSS corners. The GCDB data is based on the best and most current survey records available and uses known geographic positions of control stations within the PLSS network. This data is a key component of the Land Survey Information System (LSIS) framework upon which parcel boundary information will be assembled.</purpose>
			<langdata Sync="TRUE">en</langdata></descript>
		<timeperd>
			<timeinfo>
				<rngdates>
					<begdate>18490303</begdate>
					<enddate>present</enddate>
				</rngdates>
			</timeinfo>
			<current>ground condition</current>
		</timeperd>
		<status>
			<progress>In work</progress>
			<update>As needed</update>
		</status>
		<spdom>
			<bounding>
				<westbc Sync="TRUE">-124.566243</westbc>
				<eastbc Sync="TRUE">-85.442253</eastbc>
				<northbc Sync="TRUE">49.001100</northbc>
				<southbc Sync="TRUE">31.332259</southbc>
			</bounding>
			<lboundng><leftbc Sync="TRUE">-124.566243</leftbc><rightbc Sync="TRUE">-85.442253</rightbc><bottombc Sync="TRUE">31.332259</bottombc><topbc Sync="TRUE">49.001100</topbc></lboundng></spdom>
		<keywords>
			<theme>
				<themekt>None</themekt>
				<themekey>General Land Office</themekey>
				<themekey>GLO</themekey>
				<themekey>Bureau of Land Management</themekey>
				<themekey>BLM</themekey>
				<themekey>Public Land Survey System</themekey>
				<themekey>PLSS</themekey>
				<themekey>Geographic Coordinate Data Base</themekey>
				<themekey>GCDB</themekey>
				<themekey>National Spatial Data Infrastructure</themekey>
				<themekey>NSDI</themekey>
				<themekey>Land Information System</themekey>
				<themekey>LIS</themekey>
				<themekey>Land Survey Information</themekey>
				<themekey>LSI</themekey>
				<themekey>Cadastral</themekey>
				<themekey>Township</themekey>
				<themekey>Range</themekey>
				<themekey>Land Survey Information System</themekey>
				<themekey>LSIS</themekey>
			</theme>
			<theme>
				<themekt>BLM-State</themekt>
				<themekey>Arizona</themekey>
				<themekey>Arkansas</themekey>
				<themekey>California</themekey>
				<themekey>Colorado</themekey>
				<themekey>Idaho</themekey>
				<themekey>Michigan</themekey>
				<themekey>Montana</themekey>
				<themekey>Nebraska</themekey>
				<themekey>Nevada</themekey>
				<themekey>New Mexico</themekey>
				<themekey>North Dakota</themekey>
				<themekey>Oregon</themekey>
				<themekey>Utah</themekey>
				<themekey>Washington</themekey>
				<themekey>Wyoming</themekey>
			</theme>
			<theme>
				<themekt>BLM-Theme</themekt>
				<themekey>Cadastral</themekey>
			</theme>
			<place>
				<placekt>None</placekt>
				<placekey>Contiguous US</placekey>
			</place>
		</keywords>
		<accconst>None</accconst>
		<useconst>The geographic coordinates and their associated products are NOT legal land survey records. The coordinates can NOT be used as a substitute for a legal land survey. They can be used for record keeping, mapping, graphics and planning purposes only. No warranty is made by the Bureau of Land Management for use of the data for purposes not intended by BLM.</useconst>
		<ptcontac>
			<cntinfo>
				<cntperp>
					<cntper>Regina LeFort</cntper>
					<cntorg>Bureau of Land Management</cntorg>
				</cntperp>
				<cntpos>L&amp;RPO GCDB Lead</cntpos>
				<cntaddr>
					<addrtype>mailing address</addrtype>
					<address>P.O. Box 25047</address>
					<address>Mail Stop: WO - 330D (DFC)</address>
					<address>Building 40, Denver Federal Center</address>
					<city>Denver</city>
					<state>Colorado</state>
					<postal>80225-0047</postal>
					<country>USA</country>
				</cntaddr>
				<cntvoice>(303) 236-0951</cntvoice>
				<cntfax>(303) 236-6691</cntfax>
				<cntemail>regina_lefort@blm.gov</cntemail>
				<cntinst>For information about the data content, please contact the BLM State Office, GCDB Manager or GCDB Contact at: http://www.blm.gov/gcdb/gcdbsites/index.html
For information directly relating to metadata, please contact Regina LeFort at regina.lefort@blm.gov</cntinst>
			</cntinfo>
		</ptcontac>
		<native Sync="TRUE">Microsoft Windows XP Version 5.1 (Build 2600) Service Pack 1; ESRI ArcCatalog 9.0.0.535</native>
		<natvform Sync="TRUE">SDE Feature Class</natvform></idinfo>
	<dataqual>
		<attracc>
			<attraccr>Data was checked for attribute accuracy by the GCDB personnel in each of the respective BLM State Offices.</attraccr>
		</attracc>
		<logic>The data set is topologically structured with nodes at all intersections.  Labels representing the legal land description are assigned to each land unit.</logic>
		<complete>All GCDB spatial outputs are visually inspected for completeness to ensure that all survey data for a given geographic area is included in the data set.</complete>
		<posacc>
			<horizpa>
				<horizpar>Accuracy of the individual points contained within the GCDB layers of LSIS that were determined using GMM software  were adjusted using both compass rule and a least squares analysis, which examines the geometry of PLSS parcels in relation to the coordinate values of known locations for control points within the PLSS grid.  Each individual point carries a reliablility factor indicating the error ellipse in both northing and easting which is reported after the least squares analysis is completed.

Accuracy of the individual points contained within the GCDB layers of LSIS that were determined using PCCS software  were adjusted using a succession of compass rule adjustments between the control points followed by a least squares analysis, which examines the geometry of PLSS parcels in relation to the coordinate values of known locations for control points within the PLSS grid.  Each individual point carries positional reliability factors for the average of the misclosures in the data set and the maximum misclosure in the data set.</horizpar>
			</horizpa>
		</posacc>
		<lineage>
			<srcinfo>
				<srccite>
					<citeinfo>
						<origin>Bureau of Land Management</origin>
						<pubdate>20041029</pubdate>
						<title>Land Survey Information System (LSIS)</title>
						<geoform>tabular digital data</geoform>
						<pubinfo>
							<pubplace>Denver, Colorado</pubplace>
							<publish>Bureau of Land Management</publish>
						</pubinfo>
					</citeinfo>
				</srccite>
				<typesrc>online</typesrc>
				<srctime>
					<timeinfo>
						<rngdates>
							<begdate>18490303</begdate>
							<enddate>present</enddate>
						</rngdates>
					</timeinfo>
					<srccurr>ground condition</srccurr>
				</srctime>
				<srccitea>BLM</srccitea>
				<srccontr>Survey data in the form of official (microfilm, CD, other) survey and BLM, abstracted into a vector digital format.</srccontr>
			</srcinfo>
			<srcinfo>
				<srccite>
					<citeinfo>
						<origin>U.S. Forest Service</origin>
						<pubdate>19980601</pubdate>
						<title>Automated Lands Project (ALP)</title>
						<geoform>tabular digital data</geoform>
						<pubinfo>
							<pubplace>Washington, D.C.</pubplace>
							<publish>U.S. Forest Service</publish>
						</pubinfo>
					</citeinfo>
				</srccite>
				<typesrc>disc</typesrc>
				<srctime>
					<timeinfo>
						<rngdates>
							<begdate>19980601</begdate>
							<enddate>present</enddate>
						</rngdates>
					</timeinfo>
					<srccurr>ground condition</srccurr>
				</srctime>
				<srccitea>USFS</srccitea>
				<srccontr>Survey and control data from the Cartographic Feature File (CFF) data set.</srccontr>
			</srcinfo>
			<srcinfo>
				<srccite>
					<citeinfo>
						<origin>U.S Geological Survey</origin>
						<pubdate>1931</pubdate>
						<title>USGS standard topological quadrangles</title>
						<geoform>tabular digital data</geoform>
						<pubinfo>
							<pubplace>Denver, Colorado</pubplace>
							<publish>U.S. Geological Survey</publish>
						</pubinfo>
					</citeinfo>
				</srccite>
				<typesrc>disc</typesrc>
				<srctime>
					<timeinfo>
						<rngdates>
							<begdate>1931</begdate>
							<enddate>present</enddate>
						</rngdates>
					</timeinfo>
					<srccurr>ground condition</srccurr>
				</srctime>
				<srccitea>USGS</srccitea>
				<srccontr>Digitized control data from standard topological quadrangle sheets.</srccontr>
			</srcinfo>
			<srcinfo>
				<srccite>
					<citeinfo>
						<origin>National Geodetic Survey</origin>
						<pubdate>20000101</pubdate>
						<title>Official Control Station Sheets</title>
						<geoform>tabular digital data</geoform>
						<pubinfo>
							<pubplace>Silver Springs, Maryland</pubplace>
							<publish>National Geodetic Survey</publish>
						</pubinfo>
					</citeinfo>
				</srccite>
				<typesrc>disc</typesrc>
				<srctime>
					<timeinfo>
						<rngdates>
							<begdate>19010101</begdate>
							<enddate>present</enddate>
						</rngdates>
					</timeinfo>
					<srccurr>ground condition</srccurr>
				</srctime>
				<srccitea>NGS</srccitea>
				<srccontr>Survey control data from the official control station sheets (CBN, FBN, CORS).</srccontr>
			</srcinfo>
			<procstep>
				<procdesc>Compile survey input data from current BLM official measurements, supplemented in some locations with USFS and private survey records.</procdesc>
				<srcused>BLM database of the index to all official (microfilm, CD, other) BLM survey records.</srcused>
				<srcused>USFS survey records.</srcused>
				<srcused>Private land surveyor records</srcused>
				<srcused>GCDB Data Collection Attribute Definitions Version 2.0, Appendix A, 2/14/1991. Survey records used - source abbreviations.</srcused>
				<procdate>Unknown</procdate>
			</procstep>
			<procstep>
				<procdesc>Compile listings of known locations of PLSS corners.</procdesc>
				<srcused>USGS topographic quadrangles and other sources.</srcused>
				<srcused>USC&amp;GS published coordinate data.</srcused>
				<srcused>NGS published coordinate data.</srcused>
				<srcused>BLM global positioning Data.</srcused>
				<srcused>USFS global positioning data.</srcused>
				<procdate>Unknown</procdate>
			</procstep>
			<procstep>
				<procdesc>Coordinates of control stations are entered into a control data base with associated reliabilities.</procdesc>
				<procdate>Unknown</procdate>
			</procstep>
			<procstep>
				<procdesc>This data has been created in either GMM or PCCS format. The following process steps refer to data in GMM format. 

With GMM survey data, abstracted from survey plats, and control stations extracted from the control database, are manually entered with weighting factors into GMM software.  Compass rule and least squares adjustments are performed using weighting factors assigned to both control stations and survey line data, based on methodologies and vintage of survey.

With GMM, section subdivision is performed to achieve land unit detail to at least the forty acre parcel level.  Instructions for calculating non-regular and minor subdivisions are persistently stored during collection and rerun after every new adjustment in order to achieve the detail necessary to delineate all lines required for depicting federal rights, interestes, restrictions, and encumberances.  Coincident lines and lines identified as non-boundary lines are removed from the data set used for final land unit constructions.  Line intersections are computed and given unique identifiers and  land units are constructed.

GMM lists all coordinates produced by the compass rule and least squares adjustments and subdivision, with conectivity codes between points and compiles them into a single file for development of Geographic Information Systems (GIS) output.</procdesc>
				<procdate>Unknown</procdate>
			</procstep>
			<procstep>
				<procdesc>This data has been created in either GMM or PCCS format. The following process steps refer to data in PCCS format. 

With PCCS, survey data abstracted from survey plats and control stations extracted from control data base are manually entered into the PCCS processing software.  A succession of compass rule adjustments is performed on the lines to adjust them to the control points, followed by a least squares analysis.  The resulting coordinates are accompanied by indications of positional reliability; the average of misclosures in the data set and the maximum misclosure in the data set.

PCCS lists all coordinates produced by the compass rule and least squares adjustments with conectivity codes between points and compiles them into a single file for development of GIS files.

With PCCS, section subdivision is performed to achieve land unit detail to at least the forty acre parcel level.</procdesc>
				<procdate>Unknown</procdate>
			</procstep>
			<procstep>
				<procdesc>GCDB data conversion software verifies correctness of GCDB file formats and content.</procdesc>
				<procdate>Unknown</procdate>
			</procstep>
			<procstep>
				<procdesc>Verified coordinate, line and label files are converted to GIS coverages using the topology check application.  All errors in topology are flagged for editing and correction.</procdesc>
				<procdate>Unknown</procdate>
			</procstep>
			<procstep>
				<procdesc>If topological errors exist, editing of arc and node data, as well as parcel labels, is performed using either GMM or ArcInfo Interface (AII).  (PCCS townships can only be edited using AII).  Final edits are entered into input files and the process is repeated until all errors are corrected and a successful GIS coverage is created.</procdesc>
				<procdate>Unknown</procdate>
			</procstep>
			<procstep>
				<procdesc>GIS coverages are edgematched with adjoining township data sets to insure a seamless PLSS grid is created.</procdesc>
				<procdate>Unknown</procdate>
			</procstep>
			<procstep>
				<procdesc>Topologically correct GIS coverages are modified to use FGDC compliant naming conventions and then loaded into the LSIS database.  These layers can then be downloaded as shapefiles through the LSIS website.</procdesc>
				<procdate>Unknown</procdate>
			</procstep>
			<procstep>
				<procdesc>Metadata imported.</procdesc>
			</procstep>
		</lineage>
	</dataqual>
	<spdoinfo>
		<direct Sync="TRUE">Vector</direct>
		<ptvctinf>
			<sdtsterm Name="lsi:sde.LSIS_twnshp">
				<sdtstype Sync="TRUE">G-polygon</sdtstype>
				<ptvctcnt Sync="TRUE">28456</ptvctcnt>
			</sdtsterm>
			<esriterm Name="lsi:sde.LSIS_twnshp"><efeatyp Sync="TRUE">Simple</efeatyp><efeageom Sync="TRUE">Polygon</efeageom><esritopo Sync="TRUE">FALSE</esritopo><efeacnt Sync="TRUE">28456</efeacnt><spindex Sync="TRUE">FALSE</spindex><linrefer Sync="TRUE">FALSE</linrefer></esriterm></ptvctinf>
	</spdoinfo>
	<spref>
		<horizsys>
			<geograph>
				<latres>0.000001</latres>
				<longres>0.000001</longres>
				<geogunit Sync="TRUE">Decimal degrees</geogunit>
			</geograph>
			<geodetic>
				<horizdn Sync="TRUE">North American Datum of 1983</horizdn>
				<ellips Sync="TRUE">Geodetic Reference System 80</ellips>
				<semiaxis Sync="TRUE">6378137.000000</semiaxis>
				<denflat Sync="TRUE">298.257222</denflat>
			</geodetic>
			<cordsysn><geogcsn Sync="TRUE">GCS_North_American_1983</geogcsn></cordsysn></horizsys>
		<vertdef>
			<altsys>
				<altres Sync="TRUE">1.000000</altres>
				<altenc Sync="TRUE">Explicit elevation coordinate included with horizontal coordinates</altenc>
			</altsys>
		</vertdef>
	</spref>
	<eainfo>
		<detailed Name="lsi:sde.LSIS_twnshp">
			<enttyp>
				<enttypl>twnshp</enttypl>
				<enttypd>In the Public Land Survey System, a township refers to a unit of land, nominally 6 miles per side, usually containing 36 sections.</enttypd>
				<enttypds>FGDC</enttypds>
				<enttypt Sync="TRUE">Feature Class</enttypt><enttypc Sync="TRUE">28456</enttypc></enttyp>
			<attr>
				<attrlabl Sync="TRUE">objectid</attrlabl>
				<attrdef Sync="TRUE">Internal feature number.</attrdef>
				<attrdefs Sync="TRUE">ESRI</attrdefs>
				<attalias Sync="TRUE">OBJECTID</attalias><attrtype Sync="TRUE">OID</attrtype><attwidth Sync="TRUE">4</attwidth><atprecis Sync="TRUE">10</atprecis><attscale Sync="TRUE">0</attscale><attrdomv><udom Sync="TRUE">Sequential unique whole numbers that are automatically generated.</udom></attrdomv></attr>
			<attr>
				<attrlabl Sync="TRUE">lndkey</attrlabl>
				<attrdef>A unique identifier for each township. The lndkey is read: State, Prime Meridian, Township (including fractions and direction), and range (including fractions and direction). Ex: ST00T0000N0000E. The numbers directly before the direction  indicate if a township or range is fractional. See attributes twnfrt and rngfrt for values and definitions of the fractions.</attrdef>
				<attrdefs>BLM</attrdefs>
				<attalias Sync="TRUE">lndkey</attalias><attrtype Sync="TRUE">String</attrtype><attwidth Sync="TRUE">16</attwidth><atprecis Sync="TRUE">0</atprecis><attscale Sync="TRUE">0</attscale><attrdomv><udom>See individual attributes for range values.</udom></attrdomv></attr>
			<attr>
				<attrlabl>range</attrlabl>
				<attrdef>Numeric code identifying range number.</attrdef>
				<attrdefs>BLM</attrdefs>
				<attalias Sync="TRUE">state</attalias><attrtype Sync="TRUE">String</attrtype><attwidth Sync="TRUE">2</attwidth><atprecis Sync="TRUE">0</atprecis><attscale Sync="TRUE">0</attscale><attrdomv><udom>3 digit non-zero value</udom></attrdomv></attr>
			<attr>
				<attrlabl>rngdir</attrlabl>
				<attrdef>Alpha code for identifying direction of township.</attrdef>
				<attrdefs>BLM</attrdefs>
				<attrdomv>
					<edom><edomv>E</edomv><edomvd>East of base meridian</edomvd><edomvds>BLM</edomvds></edom><edom><edomv>W</edomv><edomvd>West of base meridian.</edomvd><edomvds>BLM</edomvds></edom></attrdomv>
				<attalias Sync="TRUE">primer</attalias><attrtype Sync="TRUE">String</attrtype><attwidth Sync="TRUE">2</attwidth><atprecis Sync="TRUE">0</atprecis><attscale Sync="TRUE">0</attscale></attr>
			<attr>
				<attrlabl>rngfrt</attrlabl>
				<attrdef>Numeric code identifying fractional range.</attrdef>
				<attrdefs>BLM</attrdefs>
				<attrdomv>
					<edom><edomv>0</edomv><edomvd>Not a fractional range.</edomvd><edomvds>BLM</edomvds></edom><edom><edomv>1</edomv><edomvd>1/4 range</edomvd><edomvds>BLM</edomvds></edom><edom><edomv>2</edomv><edomvd>1/2 range</edomvd><edomvds>BLM</edomvds></edom><edom><edomv>3</edomv><edomvd>3/4 range</edomvd><edomvds>BLM</edomvds></edom></attrdomv>
				<attalias Sync="TRUE">town</attalias><attrtype Sync="TRUE">String</attrtype><attwidth Sync="TRUE">3</attwidth><atprecis Sync="TRUE">0</atprecis><attscale Sync="TRUE">0</attscale></attr>
			<attr>
				<attrlabl>twndup</attrlabl>
				<attrdef>Alpha code for determining a duplicate township.</attrdef>
				<attrdefs>BLM</attrdefs>
				<attalias Sync="TRUE">twnfrt</attalias><attrtype Sync="TRUE">String</attrtype><attwidth Sync="TRUE">1</attwidth><atprecis Sync="TRUE">0</atprecis><attscale Sync="TRUE">0</attscale><attrdomv><edom><edomv>(Blank)</edomv><edomvd>Not a duplicate.</edomvd><edomvds>BLM</edomvds></edom><edom><edomv>A</edomv><edomvd>First duplicate</edomvd><edomvds>BLM</edomvds></edom><edom><edomv>B</edomv><edomvd>Second duplicate.</edomvd><edomvds>BLM</edomvds></edom></attrdomv></attr>
			<attr>
				<attrlabl>primer</attrlabl>
				<attrdef>Principal Meridian</attrdef>
				<attrdefs>BLM</attrdefs>
				<attalias Sync="TRUE">twndir</attalias><attrtype Sync="TRUE">String</attrtype><attwidth Sync="TRUE">1</attwidth><atprecis Sync="TRUE">0</atprecis><attscale Sync="TRUE">0</attscale><attrdomv><edom><edomv>01</edomv><edomvd>First principal</edomvd><edomvds>BLM</edomvds></edom><edom><edomv>02</edomv><edomvd>Second principal</edomvd><edomvds>BLM</edomvds></edom><edom><edomv>03 </edomv><edomvd>Third principal</edomvd><edomvds>BLM</edomvds></edom><edom><edomv>04</edomv><edomvd>Fourth principal</edomvd><edomvds>BLM</edomvds></edom><edom><edomv>05</edomv><edomvd>Fifth principal</edomvd><edomvds>BLM</edomvds></edom><edom><edomv>06</edomv><edomvd>Sixth principal</edomvd><edomvds>BLM</edomvds></edom><edom><edomv>07</edomv><edomvd>Black Hills</edomvd><edomvds>BLM</edomvds></edom><edom><edomv>08</edomv><edomvd>Boise</edomvd><edomvds>BLM</edomvds></edom><edom><edomv>09 </edomv><edomvd>Chickasaw</edomvd><edomvds>BLM</edomvds></edom><edom><edomv>10</edomv><edomvd>Choctaw</edomvd><edomvds>BLM</edomvds></edom><edom><edomv>11</edomv><edomvd>Cimarron</edomvd><edomvds>BLM</edomvds></edom><edom><edomv>12</edomv><edomvd>Copper River</edomvd><edomvds>BLM</edomvds></edom><edom><edomv>13</edomv><edomvd>Fairbanks</edomvd><edomvds>BLM</edomvds></edom><edom><edomv>14</edomv><edomvd>Gila and Salt River</edomvd><edomvds>BLM</edomvds></edom><edom><edomv>15</edomv><edomvd>Humboldt</edomvd><edomvds>BLM</edomvds></edom><edom><edomv>16</edomv><edomvd>Huntsville</edomvd><edomvds>BLM</edomvds></edom><edom><edomv>17</edomv><edomvd>Indian</edomvd><edomvds>BLM</edomvds></edom><edom><edomv>18</edomv><edomvd>Louisiana</edomvd><edomvds>BLM</edomvds></edom><edom><edomv>19</edomv><edomvd>Michigan</edomvd><edomvds>BLM</edomvds></edom><edom><edomv>20</edomv><edomvd>Principal</edomvd><edomvds>BLM</edomvds></edom><edom><edomv>21</edomv><edomvd>Mount Diablo</edomvd><edomvds>BLM</edomvds></edom><edom><edomv>22</edomv><edomvd>Navajo</edomvd><edomvds>BLM</edomvds></edom><edom><edomv>23</edomv><edomvd>New Mexico Principal</edomvd><edomvds>BLM</edomvds></edom><edom><edomv>24</edomv><edomvd>St. Helena</edomvd><edomvds>BLM</edomvds></edom><edom><edomv>25</edomv><edomvd>St. Stephens</edomvd><edomvds>BLM</edomvds></edom><edom><edomv>26</edomv><edomvd>Salt Lake</edomvd><edomvds>BLM</edomvds></edom><edom><edomv>27</edomv><edomvd>San Bernadino</edomvd><edomvds>BLM</edomvds></edom><edom><edomv>28</edomv><edomvd>Seward</edomvd><edomvds>BLM</edomvds></edom><edom><edomv>29</edomv><edomvd>Tallahassee</edomvd><edomvds>BLM</edomvds></edom><edom><edomv>30 </edomv><edomvd>Unitah</edomvd><edomvds>BLM</edomvds></edom><edom><edomv>31</edomv><edomvd>Ute</edomvd><edomvds>BLM</edomvds></edom><edom><edomv>32</edomv><edomvd>Washington</edomvd><edomvds>BLM</edomvds></edom><edom><edomv>33</edomv><edomvd>Willamette</edomvd><edomvds>BLM</edomvds></edom><edom><edomv>34</edomv><edomvd>Wind River</edomvd><edomvds>BLM</edomvds></edom><edom><edomv>35</edomv><edomvd>Ohio River Survey</edomvd><edomvds>BLM</edomvds></edom><edom><edomv>36</edomv><edomvd>Between the Miamis</edomvd><edomvds>BLM</edomvds></edom><edom><edomv>37</edomv><edomvd>Muskingham River Survey</edomvd><edomvds>BLM</edomvds></edom><edom><edomv>39</edomv><edomvd>Scioto River Base (First)</edomvd><edomvds>BLM</edomvds></edom><edom><edomv>40</edomv><edomvd>Scioto River Base</edomvd><edomvds>BLM</edomvds></edom><edom><edomv>41</edomv><edomvd>Scioto River Base (Third)</edomvd><edomvds>BLM</edomvds></edom><edom><edomv>43</edomv><edomvd>Twelve-Mile-Square</edomvd><edomvds>BLM</edomvds></edom><edom><edomv>44</edomv><edomvd>Kateel River</edomvd><edomvds>BLM</edomvds></edom><edom><edomv>45</edomv><edomvd>Umiat</edomvd><edomvds>BLM</edomvds></edom><edom><edomv>46 </edomv><edomvd>Fourth Principal</edomvd><edomvds>BLM</edomvds></edom><edom><edomv>47</edomv><edomvd>West of the Great Miami</edomvd><edomvds>BLM</edomvds></edom><edom><edomv>48</edomv><edomvd>U.S. Military Survey</edomvd><edomvds>BLM</edomvds></edom><edom><edomv>91</edomv><edomvd>Connecticut Western</edomvd><edomvds>BLM</edomvds></edom></attrdomv></attr>
			<attr>
				<attrlabl>state</attrlabl>
				<attrdef>2 Letter State Abbreviation</attrdef>
				<attrdefs>BLM</attrdefs>
				<attalias Sync="TRUE">range</attalias><attrtype Sync="TRUE">String</attrtype><attwidth Sync="TRUE">3</attwidth><atprecis Sync="TRUE">0</atprecis><attscale Sync="TRUE">0</attscale><attrdomv><codesetd><codesetn>State abbreviation as defined in FIPS PUB 5-2</codesetn><codesets>U.S. Postal Service</codesets></codesetd></attrdomv></attr>
			<attr>
				<attrlabl>shape</attrlabl>
				<attrdef>Feature geometry.</attrdef>
				<attrdefs>ESRI</attrdefs>
				<attrdomv>
					<udom>Coordinates defining the features.</udom>
				</attrdomv>
				<attalias Sync="TRUE">rngdir</attalias><attrtype Sync="TRUE">String</attrtype><attwidth Sync="TRUE">1</attwidth><atprecis Sync="TRUE">0</atprecis><attscale Sync="TRUE">0</attscale></attr>
			<attr>
				<attrlabl>providerid</attrlabl>
				<attrdef>Agency in FGDC CDCS model that provided data. An agent is an individual, organization, or public agency that holds rights, interests, or restricitions in land, holds or files land records, or has established a land description, a coordinate value or a monument.</attrdef>
				<attrdefs>FGDC</attrdefs>
				<attalias Sync="TRUE">rngfrt</attalias><attrtype Sync="TRUE">String</attrtype><attwidth Sync="TRUE">1</attwidth><atprecis Sync="TRUE">0</atprecis><attscale Sync="TRUE">0</attscale><attrdomv><edom><edomv>BLM or BLM GCDB</edomv><edomvd>Spatial representation derived from using record bearings and distances, integrated with geo-referenced positions by an analysis by PCCS or GMM software.</edomvd><edomvds>BLM</edomvds></edom><edom><edomv>USFS or USFS GCDB</edomv><edomvd>Spatial representation derived from using record bearings and distances, integrated with geo-referenced positions by an analysis by PCCS or GMM software.</edomvd><edomvds>BLM</edomvds></edom><edom><edomv>USFS CFF</edomv><edomvd>Spatial representation derived from georeferenced points connected with lines as found on USGS topo map.</edomvd><edomvds>BLM</edomvds></edom><edom><edomv>Wyoming Alternate Source</edomv><edomvd>Spatial representation derived from georeferenced points connected with lines as found on USGS topo maps.</edomvd><edomvds>BLM</edomvds></edom><edom><edomv>Alaska Protracted</edomv><edomvd>Spatial representation derived from calculations of where the PLSS would be surveyed and monumented.</edomvd><edomvds>BLM</edomvds></edom></attrdomv></attr>
			<attr>
				<attrlabl>datemodified</attrlabl>
				<attrdef>Date this feature updated within NILS</attrdef>
				<attrdefs>BLM</attrdefs>
				<attalias Sync="TRUE">twndup</attalias><attrtype Sync="TRUE">String</attrtype><attwidth Sync="TRUE">1</attwidth><atprecis Sync="TRUE">0</atprecis><attscale Sync="TRUE">0</attscale></attr>
			<attr>
				<attrlabl>label</attrlabl>
				<attrdef>Township/range columns concatenated for map labeling purposes.</attrdef>
				<attrdefs>BLM</attrdefs>
				<attalias Sync="TRUE">twntype</attalias><attrtype Sync="TRUE">String</attrtype><attwidth Sync="TRUE">40</attwidth><atprecis Sync="TRUE">0</atprecis><attscale Sync="TRUE">0</attscale><attrdomv><udom>Alphanumeric</udom></attrdomv></attr>
			<attr><attrlabl>town</attrlabl><attrdef>Numeric code identifying tier number.</attrdef><attrdefs>BLM</attrdefs><attalias Sync="TRUE">providerid</attalias><attrtype Sync="TRUE">String</attrtype><attwidth Sync="TRUE">10</attwidth><atprecis Sync="TRUE">0</atprecis><attscale Sync="TRUE">0</attscale><attrdomv><udom>3 digit non-zero value</udom></attrdomv></attr><attr><attrlabl>twnfrt</attrlabl><attrdef>Numeric code identifying fractional tier </attrdef><attrdefs>BLM</attrdefs><attalias Sync="TRUE">datemodified</attalias><attrtype Sync="TRUE">Date</attrtype><attwidth Sync="TRUE">36</attwidth><atprecis Sync="TRUE">0</atprecis><attscale Sync="TRUE">0</attscale><attrdomv><edom><edomv>0</edomv><edomvd>Not a fractional tier</edomvd><edomvds>BLM</edomvds></edom><edom><edomv>1</edomv><edomvd>1/4 tier</edomvd><edomvds>BLM</edomvds></edom><edom><edomv>2</edomv><edomvd>1/2 tier</edomvd><edomvds>BLM</edomvds></edom><edom><edomv>3</edomv><edomvd>3/4</edomvd><edomvds>BLM</edomvds></edom></attrdomv></attr><attr><attrlabl>twndir</attrlabl><attrdef>Alpha code for identifying direction of township.</attrdef><attrdefs>BLM</attrdefs><attalias Sync="TRUE">label</attalias><attrtype Sync="TRUE">String</attrtype><attwidth Sync="TRUE">16</attwidth><atprecis Sync="TRUE">0</atprecis><attscale Sync="TRUE">0</attscale><attrdomv><edom><edomv>N</edomv><edomvd>North of baseline</edomvd><edomvds>BLM</edomvds></edom><edom><edomv>S</edomv><edomvd>South of baseline</edomvd><edomvds>BLM</edomvds></edom></attrdomv></attr><attr><attrlabl>flag</attrlabl><attrdef>Marks error in data</attrdef><attrdefs>BLM</attrdefs><attalias Sync="TRUE">Shape</attalias><attrtype Sync="TRUE">Geometry</attrtype><attwidth Sync="TRUE">4</attwidth><atprecis Sync="TRUE">0</atprecis><attscale Sync="TRUE">0</attscale><attrdomv><edom><edomv>(Null)</edomv><edomvd>No error in data.</edomvd><edomvds>BLM</edomvds></edom><edom><edomv>1</edomv><edomvd>Error in data.</edomvd><edomvds>BLM</edomvds></edom></attrdomv></attr><attr><attrlabl>twntype</attrlabl><attrdefs>BLM</attrdefs><attrdef>Not used</attrdef><attalias Sync="TRUE">SE_Area(shape)</attalias><attrtype Sync="TRUE">Double</attrtype><attwidth Sync="TRUE">0</attwidth><atprecis Sync="TRUE">0</atprecis><attscale Sync="TRUE">0</attscale></attr><attr><attrlabl Sync="TRUE">SE_Area(shape)</attrlabl><attalias Sync="TRUE">SE_Area(shape)</attalias><attrtype Sync="TRUE">Double</attrtype><attwidth Sync="TRUE">0</attwidth><atprecis Sync="TRUE">0</atprecis><attscale Sync="TRUE">0</attscale><attrdef>Area of feature in internal units squared.</attrdef><attrdefs>ESRI</attrdefs><attrdomv><udom>Area is always zero for point coverages. Values are automatically generated.</udom></attrdomv></attr><attr><attrlabl Sync="TRUE">SE_Length(shape)</attrlabl><attalias Sync="TRUE">SE_Length(shape)</attalias><attrtype Sync="TRUE">Double</attrtype><attwidth Sync="TRUE">0</attwidth><atprecis Sync="TRUE">0</atprecis><attscale Sync="TRUE">0</attscale><attrdef>Length of feature in internal units.</attrdef><attrdefs>ESRI</attrdefs><attrdomv><udom>Positive real numbers that are automatically generated.</udom></attrdomv></attr></detailed>
		<overview>
			<eaover>The LSIS PLSS Land Survey System Township layer (TWNSHP) contains polygons representing surveyed townships.</eaover>
			<eadetcit>U.S Department of the Interior, Bureau of Land Management, LSIS Database Description Document other supporting documentation. Internet versions are available at: www.blm.gov/gcdb/standards/index.htm</eadetcit>
		</overview>
	</eainfo>
	<distinfo>
		<distrib>
			<cntinfo>
				<cntperp>
					<cntper>Regina LeFort</cntper>
					<cntorg>Bureau of Land Management</cntorg>
				</cntperp>
				<cntpos>L&amp;RPO GCDB Lead</cntpos>
				<cntaddr>
					<addrtype>mailing address</addrtype>
					<address>P. O. Box 25047</address>
					<address>WO-330D (DFC)</address>
					<address>Building 40, Denver Federal Center</address>
					<city>Denver</city>
					<state>Colorado</state>
					<postal>80225-0047</postal>
					<country>USA</country>
				</cntaddr>
				<cntvoice>(303) 236-0951</cntvoice>
				<cntfax>(303) 236-6691</cntfax>
				<cntemail>regina_lefort@blm.gov</cntemail>
				<cntinst>For information about the data content, please contact the BLM State Office, GCDB Manager or GCDB Contact at: http://www.blm.gov/gcdb/gcdbsites/index.html
For information directly relating to metadata, please contact Regina LeFort at regina.lefort@blm.gov</cntinst>
			</cntinfo>
		</distrib>
		<resdesc>Downloadable Data</resdesc>
		<distliab>Although these data have been processed successfully on a computer system at the U.S Bureau of Land Management, no warranty, expressed or implied, is made by the BLM regarding the utility of the data on any other system, nor shall the act of distribution constitute any such warranty.</distliab>
		<stdorder>
			<digform>
				<digtinfo>
					<formname>ARCE</formname>
					<transize>5</transize>
				</digtinfo>
				<digtopt>
					<onlinopt>
						<computer>
							<networka>
								<networkr>LSIS Download Site</networkr>
							</networka>
						</computer>
						<accinstr>http://www.lsi.blm.gov</accinstr>
					</onlinopt>
				</digtopt>
			</digform>
			<fees>No fees are required for downloading the data that is on-line.</fees>
		</stdorder>
	</distinfo>
	<metainfo>
		<metd Sync="TRUE">20050204</metd>
		<metc>
			<cntinfo>
				<cntperp>
					<cntper>Regina LeFort</cntper>
					<cntorg>Bureau of Land Management</cntorg>
				</cntperp>
				<cntpos>L&amp;RPO GCDB Lead</cntpos>
				<cntaddr>
					<addrtype>mailing address</addrtype>
					<address>P.O. Box 25047</address>
					<address>WO - 330D (DFC)</address>
					<address>Building 40, Denver Federal Center</address>
					<city>Denver</city>
					<state>Colorado</state>
					<postal>80225-0047</postal>
					<country>USA</country>
				</cntaddr>
				<cntvoice>(303) 236-0951</cntvoice>
				<cntfax>(303) 236-6691</cntfax>
				<cntemail>regina_lefort@blm.gov</cntemail>
				<cntinst>For information about the data content, please contact the BLM State Office, GCDB Manager or GCDB Contact at: http://www.blm.gov/gcdb/gcdbsites/index.html
For information directly relating to metadata, please contact Regina LeFort at regina.lefort@blm.gov</cntinst>
			</cntinfo>
		</metc>
		<metstdn Sync="TRUE">FGDC Content Standards for Digital Geospatial Metadata</metstdn>
		<metstdv Sync="TRUE">FGDC-STD-001-1998</metstdv>
		<mettc Sync="TRUE">local time</mettc>
		<metextns>
			<onlink>http://www.esri.com/metadata/esriprof80.html</onlink>
			<metprof>ESRI Metadata Profile</metprof>
		</metextns>
		<metextns>
			<onlink>http://www.esri.com/metadata/esriprof80.html</onlink>
			<metprof>ESRI Metadata Profile</metprof>
		</metextns>
		<metextns>
			<onlink>http://www.esri.com/metadata/esriprof80.html</onlink>
			<metprof>ESRI Metadata Profile</metprof>
		</metextns>
		<metextns>
			<onlink>http://www.esri.com/metadata/esriprof80.html</onlink>
			<metprof>ESRI Metadata Profile</metprof>
		</metextns>
		<metextns>
			<onlink>http://www.esri.com/metadata/esriprof80.html</onlink>
			<metprof>ESRI Metadata Profile</metprof>
		</metextns>
		<metextns>
			<onlink>http://www.esri.com/metadata/esriprof80.html</onlink>
			<metprof>ESRI Metadata Profile</metprof>
		</metextns>
		<langmeta Sync="TRUE">en</langmeta><metextns><onlink Sync="TRUE">http://www.esri.com/metadata/esriprof80.html</onlink><metprof Sync="TRUE">ESRI Metadata Profile</metprof></metextns></metainfo>
	<Esri><CreaDate>20041025</CreaDate><CreaTime>14391000</CreaTime><SyncOnce>FALSE</SyncOnce><SyncDate>20050204</SyncDate><SyncTime>08482000</SyncTime><ModDate>20050204</ModDate><ModTime>08482000</ModTime><MetaID>{8777D037-039B-4599-A4A6-4DC262A33757}</MetaID></Esri><dataIdInfo><envirDesc Sync="TRUE">Microsoft Windows XP Version 5.1 (Build 2600) Service Pack 1; ESRI ArcCatalog 9.0.0.535</envirDesc><dataLang><languageCode Sync="TRUE" value="en"></languageCode></dataLang><idCitation><resTitle Sync="TRUE">lsi:sde.LSIS_twnshp</resTitle><presForm><PresFormCd Sync="TRUE" value="005"></PresFormCd></presForm></idCitation><spatRpType><SpatRepTypCd Sync="TRUE" value="001"></SpatRepTypCd></spatRpType><dataExt><geoEle><GeoBndBox esriExtentType="native"><westBL Sync="TRUE">-124.566243</westBL><eastBL Sync="TRUE">-85.442253</eastBL><northBL Sync="TRUE">49.0011</northBL><southBL Sync="TRUE">31.332259</southBL><exTypeCode Sync="TRUE">1</exTypeCode></GeoBndBox></geoEle></dataExt><geoBox esriExtentType="decdegrees"><westBL Sync="TRUE">-124.566243</westBL><eastBL Sync="TRUE">-85.442253</eastBL><northBL Sync="TRUE">49.0011</northBL><southBL Sync="TRUE">31.332259</southBL><exTypeCode Sync="TRUE">1</exTypeCode></geoBox></dataIdInfo><mdLang><languageCode Sync="TRUE" value="en"></languageCode></mdLang><mdStanName Sync="TRUE">ISO 19115 Geographic Information - Metadata</mdStanName><mdStanVer Sync="TRUE">DIS_ESRI1.0</mdStanVer><mdChar><CharSetCd Sync="TRUE" value="004"></CharSetCd></mdChar><mdHrLv><ScopeCd Sync="TRUE" value="005"></ScopeCd></mdHrLv><mdHrLvName Sync="TRUE">dataset</mdHrLvName><distInfo><distributor><distorTran><onLineSrc><orDesc Sync="TRUE">002</orDesc><linkage Sync="TRUE">Server=nirm0nils; Service=5152/tcp; Database=lsi; User=sde; Version=sde.DEFAULT</linkage><protocol Sync="TRUE">ArcSDE Connection</protocol></onLineSrc></distorTran><distorFormat><formatName Sync="TRUE">SDE Feature Class</formatName></distorFormat></distributor></distInfo><spatRepInfo><VectSpatRep><topLvl><TopoLevCd Sync="TRUE" value="001"></TopoLevCd></topLvl><geometObjs Name="lsi:sde.LSIS_twnshp"><geoObjTyp><GeoObjTypCd Sync="TRUE" value="001"></GeoObjTypCd></geoObjTyp><geoObjCnt Sync="TRUE">28456</geoObjCnt></geometObjs></VectSpatRep></spatRepInfo><mdDateSt Sync="TRUE">20050204</mdDateSt><refSysInfo><RefSystem><refSysID><identCode Sync="TRUE">GCS_North_American_1983</identCode></refSysID></RefSystem></refSysInfo></metadata>
