<?xml version="1.0" encoding="UTF-8"?>
<metadata xml:lang="en"><Esri><CreaDate>20170419</CreaDate><CreaTime>20071700</CreaTime><SyncOnce>TRUE</SyncOnce><SyncDate>20150331</SyncDate><SyncTime>11481600</SyncTime><ModDate>20150031</ModDate><ModTime>1212NnS2600</ModTime><DataProperties><itemProps><itemName Sync="TRUE">PLSSTownship</itemName><imsContentType Sync="TRUE" export="False">002</imsContentType><itemLocation><linkage Sync="TRUE">file://\\GISPC\G$\GISData\CADNSDI-and-FGDCReportData\CAD Schema Version2\CADNSDI-Version2.gdb</linkage><protocol Sync="TRUE">Local Area Network</protocol></itemLocation></itemProps><coordRef><type Sync="TRUE">Geographic</type><geogcsn Sync="TRUE">GCS_North_American_1983</geogcsn><peXml Sync="TRUE">&lt;GeographicCoordinateSystem xsi:type='typens:GeographicCoordinateSystem' xmlns:xsi='http://www.w3.org/2001/XMLSchema-instance' xmlns:xs='http://www.w3.org/2001/XMLSchema' xmlns:typens='http://www.esri.com/schemas/ArcGIS/10.1'&gt;&lt;WKT&gt;GEOGCS[&amp;quot;GCS_North_American_1983&amp;quot;,DATUM[&amp;quot;D_North_American_1983&amp;quot;,SPHEROID[&amp;quot;GRS_1980&amp;quot;,6378137.0,298.257222101]],PRIMEM[&amp;quot;Greenwich&amp;quot;,0.0],UNIT[&amp;quot;Degree&amp;quot;,0.0174532925199433],AUTHORITY[&amp;quot;EPSG&amp;quot;,4269]]&lt;/WKT&gt;&lt;XOrigin&gt;-400&lt;/XOrigin&gt;&lt;YOrigin&gt;-400&lt;/YOrigin&gt;&lt;XYScale&gt;11119487222222.223&lt;/XYScale&gt;&lt;ZOrigin&gt;-100000&lt;/ZOrigin&gt;&lt;ZScale&gt;399999.99999999994&lt;/ZScale&gt;&lt;MOrigin&gt;-100000&lt;/MOrigin&gt;&lt;MScale&gt;399999.99999999994&lt;/MScale&gt;&lt;XYTolerance&gt;1.7986440921511319e-013&lt;/XYTolerance&gt;&lt;ZTolerance&gt;5.0000000000000004e-006&lt;/ZTolerance&gt;&lt;MTolerance&gt;5.0000000000000004e-006&lt;/MTolerance&gt;&lt;HighPrecision&gt;true&lt;/HighPrecision&gt;&lt;LeftLongitude&gt;-180&lt;/LeftLongitude&gt;&lt;WKID&gt;4269&lt;/WKID&gt;&lt;LatestWKID&gt;4269&lt;/LatestWKID&gt;&lt;/GeographicCoordinateSystem&gt;</peXml><csUnits Sync="TRUE">Angular Unit: Degree (0.017453)</csUnits></coordRef></DataProperties><ArcGISProfile>FGDC</ArcGISProfile><ArcGISFormat>1.0</ArcGISFormat><scaleRange><minScale>150000000</minScale><maxScale>5000</maxScale></scaleRange></Esri><idinfo><descript><abstract>In the Public Land Survey System a Township refers to a unit of land, that is nominally six miles on a side, usually containing 36 sections.</abstract><purpose>these are the graphic displays of the PLSS Townships</purpose><langdata Sync="TRUE">en</langdata></descript><keywords><theme><themekt>ESRI Data Models</themekt><themekey>Cadastral</themekey></theme></keywords><spdom><bounding><westbc>NaN</westbc><eastbc>NaN</eastbc><northbc>NaN</northbc><southbc>NaN</southbc></bounding></spdom><native Sync="TRUE">Microsoft Windows Vista Version 6.1 (Build 7600) ; ESRI ArcCatalog 9.3.1.4000</native><citation><citeinfo><origin>REQUIRED: The name of an organization or individual that developed the data set.</origin><pubdate>REQUIRED: The date when the data set is published or otherwise made available for release.</pubdate><title Sync="TRUE">PLSSTownship</title><ftname Sync="TRUE">PLSSTownship</ftname><geoform Sync="TRUE">vector digital data</geoform><onlink Sync="TRUE">\\MENTOS\WorkSpace\temp\prj_template.gdb</onlink></citeinfo></citation><timeperd><current>REQUIRED: The basis on which the time period of content information is determined.</current><timeinfo><sngdate><caldate>REQUIRED: The year (and optionally month, or month and day) for which the data set corresponds to the ground.</caldate></sngdate></timeinfo></timeperd><natvform Sync="TRUE">File Geodatabase Feature Class</natvform></idinfo><eainfo><detailed Name="PLSSTownship" xmlns=""><attr xmlns=""><attrlabl Sync="TRUE">OBJECTID</attrlabl><attalias Sync="TRUE">OBJECTID</attalias><attrtype Sync="TRUE">OID</attrtype><attwidth Sync="TRUE">4</attwidth><atprecis Sync="TRUE">0</atprecis><attscale Sync="TRUE">0</attscale><attrdef Sync="TRUE">Internal feature number.</attrdef><attrdefs Sync="TRUE">ESRI</attrdefs><attrdomv><udom Sync="TRUE">Sequential unique whole numbers that are automatically generated.</udom></attrdomv></attr><attr xmlns=""><attrlabl Sync="TRUE">SHAPE</attrlabl><attalias Sync="TRUE">SHAPE</attalias><attrtype Sync="TRUE">Geometry</attrtype><attwidth Sync="TRUE">0</attwidth><atprecis Sync="TRUE">0</atprecis><attscale Sync="TRUE">0</attscale><attrdef Sync="TRUE">Feature geometry.</attrdef><attrdefs Sync="TRUE">ESRI</attrdefs><attrdomv><udom Sync="TRUE">Coordinates defining the features.</udom></attrdomv></attr><attr xmlns=""><attrlabl Sync="TRUE">PLSSID</attrlabl><attalias Sync="TRUE">Township Identifier</attalias><attrtype Sync="TRUE">String</attrtype><attwidth Sync="TRUE">16</attwidth><atprecis Sync="TRUE">0</atprecis><attscale Sync="TRUE">0</attscale><attrdef Sync="TRUE">Concatenation of the principal meridian, township, range, and duplication code that form a unique id.</attrdef></attr><attr xmlns=""><attrlabl Sync="TRUE">PRINMER</attrlabl><attalias Sync="TRUE">Principal Meridian Text</attalias><attrtype Sync="TRUE">String</attrtype><attwidth Sync="TRUE">40</attwidth><atprecis Sync="TRUE">0</atprecis><attscale Sync="TRUE">0</attscale><attrdef Sync="TRUE">Principal meridian name as a text</attrdef></attr><attr xmlns=""><attrlabl Sync="TRUE">PRINMERCD</attrlabl><attalias Sync="TRUE">Principal Meridian Code</attalias><attrtype Sync="TRUE">String</attrtype><attwidth Sync="TRUE">2</attwidth><atprecis Sync="TRUE">0</atprecis><attscale Sync="TRUE">0</attscale><attrdef Sync="TRUE">Principal meridian code from the BLM PM Code list</attrdef></attr><attr xmlns=""><attrlabl Sync="TRUE">RANGEDIR</attrlabl><attalias Sync="TRUE">Range Direction</attalias><attrtype Sync="TRUE">String</attrtype><attwidth Sync="TRUE">1</attwidth><atprecis Sync="TRUE">0</atprecis><attscale Sync="TRUE">0</attscale><attrdef Sync="TRUE">Range direction. The direction of a column of townships from a Public Land Survey System Origin. These are typcially East or West in the west but may be north or south in Ohio</attrdef></attr><attr xmlns=""><attrlabl Sync="TRUE">RANGEFRAC</attrlabl><attalias Sync="TRUE">Range Fraction</attalias><attrtype Sync="TRUE">String</attrtype><attwidth Sync="TRUE">1</attwidth><atprecis Sync="TRUE">0</atprecis><attscale Sync="TRUE">0</attscale><attrdef Sync="TRUE">Range fraction. Range Fractions are created when there are gaps between surveyed Township boundaries or due to excess size in Townships that arose from executing original surveys.</attrdef></attr><attr xmlns=""><attrlabl Sync="TRUE">RANGENO</attrlabl><attalias Sync="TRUE">Range Number</attalias><attrtype Sync="TRUE">String</attrtype><attwidth Sync="TRUE">3</attwidth><atprecis Sync="TRUE">0</atprecis><attscale Sync="TRUE">0</attscale><attrdef Sync="TRUE">Range number. The Range Number indicates the number of columns of townships, east or west from a Public Land Survey System Origin.</attrdef></attr><attr xmlns=""><attrlabl Sync="TRUE">SRVNAME</attrlabl><attalias Sync="TRUE">Survey Name for PLSS Areas</attalias><attrtype Sync="TRUE">String</attrtype><attwidth Sync="TRUE">60</attwidth><atprecis Sync="TRUE">0</atprecis><attscale Sync="TRUE">0</attscale><attrdef Sync="FALSE">A common or otherwise recognized name for a portion of area of a PLSS Survey, for example the refugee lands in Ohio or in cases where a PLSS Township has a recognized name.</attrdef></attr><attr xmlns=""><attrlabl Sync="TRUE">STATEABBR</attrlabl><attalias Sync="TRUE">State Abbreviation</attalias><attrtype Sync="TRUE">String</attrtype><attwidth Sync="TRUE">2</attwidth><atprecis Sync="TRUE">0</atprecis><attscale Sync="TRUE">0</attscale><attrdef Sync="TRUE">State abbreviation code two letter postal code</attrdef></attr><attr xmlns=""><attrlabl Sync="TRUE">TWNSHPDIR</attrlabl><attalias Sync="TRUE">Township Direction</attalias><attrtype Sync="TRUE">String</attrtype><attwidth Sync="TRUE">1</attwidth><atprecis Sync="TRUE">0</atprecis><attscale Sync="TRUE">0</attscale><attrdef Sync="TRUE">Township direction. The direction of a row of Townships from a Public Land Survey System Origin. These are typcially North and South in the West but may be East and West in Ohio</attrdef></attr><attr xmlns=""><attrlabl Sync="TRUE">TWNSHPDPCD</attrlabl><attalias Sync="TRUE">Township Duplicate</attalias><attrtype Sync="TRUE">String</attrtype><attwidth Sync="TRUE">1</attwidth><atprecis Sync="TRUE">0</atprecis><attscale Sync="TRUE">0</attscale><attrdef Sync="FALSE">If there are multiple townships in a Public Land Survey System Origin, State and Survey Name, the Township Duplicate Status is used to establish uniqueness. When more than one Public Land Survey System Township has the same Township and Range numbers and directions and fractions, and are in the same State, this attribute is used to distinguish among duplicate values.  A is the first duplicate, B the second etc.  A 0 in this field indicates no duplicates</attrdef></attr><attr xmlns=""><attrlabl Sync="TRUE">TWNSHPFRAC</attrlabl><attalias Sync="TRUE">Township Fraction</attalias><attrtype Sync="TRUE">String</attrtype><attwidth Sync="TRUE">1</attwidth><atprecis Sync="TRUE">0</atprecis><attscale Sync="TRUE">0</attscale><attrdef Sync="TRUE">Township fraction. Township Fractions are created when there are gaps between surveyed Township boundaries or due to excess size in Townships that arose from executing original surveys.</attrdef></attr><attr xmlns=""><attrlabl Sync="TRUE">TWNSHPLAB</attrlabl><attalias Sync="TRUE">Township Label</attalias><attrtype Sync="TRUE">String</attrtype><attwidth Sync="TRUE">20</attwidth><atprecis Sync="TRUE">0</atprecis><attscale Sync="TRUE">0</attscale><attrdef Sync="TRUE">Township label that is used for cartographic output or web display</attrdef></attr><attr xmlns=""><attrlabl Sync="TRUE">TWNSHPNO</attrlabl><attalias Sync="TRUE">Township Number</attalias><attrtype Sync="TRUE">String</attrtype><attwidth Sync="TRUE">3</attwidth><atprecis Sync="TRUE">0</atprecis><attscale Sync="TRUE">0</attscale><attrdef Sync="TRUE">Township number. The Township Number indicates the number of rows of townships, north or south from a Public Land Survey System Origin.</attrdef></attr><enttyp><enttypl Sync="TRUE">PLSSTownship</enttypl><enttypt Sync="TRUE">Feature Class</enttypt><enttypc Sync="TRUE">0</enttypc><enttypd>In the Public Land Survey System a Township refers to a unit of land, that is nominally six miles on a side, usually containing 36 sections.</enttypd></enttyp><attr xmlns=""><attrlabl Sync="TRUE">SURVTYP</attrlabl><attalias Sync="TRUE">Survey Type Code</attalias><attrtype Sync="TRUE">String</attrtype><attwidth Sync="TRUE">2</attwidth><atprecis Sync="TRUE">0</atprecis><attscale Sync="TRUE">0</attscale><attrdef>Code of the type of special survey, typically these are the codes described in the BLM data collection as survey type codes</attrdef></attr><attr xmlns=""><attrlabl Sync="TRUE">SURVTYPTXT</attrlabl><attalias Sync="TRUE">Survey Type Text</attalias><attrtype Sync="TRUE">String</attrtype><attwidth Sync="TRUE">50</attwidth><atprecis Sync="TRUE">0</atprecis><attscale Sync="TRUE">0</attscale><attrdef>Special survey type text description, for interpreting the codes</attrdef></attr><attr xmlns=""><attrlabl Sync="TRUE">SHAPE_Length</attrlabl><attalias Sync="TRUE">SHAPE_Length</attalias><attrtype Sync="TRUE">Double</attrtype><attwidth Sync="TRUE">8</attwidth><atprecis Sync="TRUE">0</atprecis><attscale Sync="TRUE">0</attscale><attrdef Sync="TRUE">Length of feature in internal units.</attrdef><attrdefs Sync="TRUE">ESRI</attrdefs><attrdomv><udom Sync="TRUE">Positive real numbers that are automatically generated.</udom></attrdomv></attr><attr xmlns=""><attrlabl Sync="TRUE">SHAPE_Area</attrlabl><attalias Sync="TRUE">SHAPE_Area</attalias><attrtype Sync="TRUE">Double</attrtype><attwidth Sync="TRUE">8</attwidth><atprecis Sync="TRUE">0</atprecis><attscale Sync="TRUE">0</attscale><attrdef Sync="TRUE">Area of feature in internal units squared.</attrdef><attrdefs Sync="TRUE">ESRI</attrdefs><attrdomv><udom Sync="TRUE">Positive real numbers that are automatically generated.</udom></attrdomv></attr><attr xmlns=""><attrlabl Sync="TRUE">SOURCEDATE</attrlabl><attalias Sync="TRUE">Source Date</attalias><attrtype Sync="TRUE">Date</attrtype><attwidth Sync="TRUE">8</attwidth><atprecis Sync="TRUE">0</atprecis><attscale Sync="TRUE">0</attscale><attrdef>The date of the source document
</attrdef></attr><attr xmlns=""><attrlabl Sync="TRUE">SOURCEREF</attrlabl><attalias Sync="TRUE">Source Doc Link or Reference</attalias><attrtype Sync="TRUE">String</attrtype><attwidth Sync="TRUE">100</attwidth><atprecis Sync="TRUE">0</atprecis><attscale Sync="TRUE">0</attscale><attrdef>The reference to the source document could be a reference to a map or plat or a deed. This could include document type.
</attrdef></attr></detailed></eainfo><dataIdInfo><envirDesc Sync="TRUE">Microsoft Windows 7 Version 6.1 (Build 7601) Service Pack 1; Esri ArcGIS 10.2.2.3552</envirDesc><dataLang><languageCode Sync="TRUE" value="eng" country="USA"/><countryCode value="USA" Sync="TRUE"/></dataLang><idCitation><resTitle Sync="TRUE">PLSSTownship</resTitle><presForm><PresFormCd Sync="TRUE" value="005"/></presForm></idCitation><spatRpType><SpatRepTypCd Sync="TRUE" value="001"/></spatRpType><descKeys><thesaName uuidref="723f6998-058e-11dc-8314-0800200c9a66"/><keyword Sync="TRUE">002</keyword></descKeys><otherKeys><thesaName uuidref="723f6998-058e-11dc-8314-0800200c9a66"/><keyword>002</keyword></otherKeys><idPurp>these are the graphic displays of the PLSS Townships</idPurp><idAbs>&lt;DIV STYLE="text-align:Left;"&gt;&lt;DIV&gt;&lt;DIV&gt;&lt;P&gt;&lt;SPAN&gt;In the Public Land Survey System a Township refers to a unit of land, that is nominally six miles on a side, usually containing 36 sections.&lt;/SPAN&gt;&lt;/P&gt;&lt;/DIV&gt;&lt;/DIV&gt;&lt;/DIV&gt;</idAbs><searchKeys><keyword>planningCadastre</keyword><keyword>Cadastral</keyword><keyword>plss</keyword><keyword>plss townships</keyword></searchKeys><idCredit>FGDC Cadastral Subcommittee</idCredit><resConst><Consts><useLimit>&lt;DIV STYLE="text-align:Left;"&gt;&lt;P STYLE="margin:0 0 0 0;"&gt;&lt;SPAN&gt;&lt;SPAN&gt;This data is for GIS and mapping purposes and is not intended to support or replace land survey data or the information provided by land survey.&lt;/SPAN&gt;&lt;/SPAN&gt;&lt;/P&gt;&lt;DIV&gt;&lt;DIV&gt;&lt;P&gt;&lt;SPAN /&gt;&lt;/P&gt;&lt;/DIV&gt;&lt;/DIV&gt;&lt;/DIV&gt;</useLimit></Consts></resConst><tpCat><TopicCatCd value="015"/></tpCat></dataIdInfo><metainfo><langmeta Sync="TRUE">en</langmeta><metstdn Sync="TRUE">FGDC Content Standards for Digital Geospatial Metadata</metstdn><metstdv Sync="TRUE">FGDC-STD-001-1998</metstdv><mettc Sync="TRUE">local time</mettc><metc><cntinfo><cntorgp><cntper>REQUIRED: The person responsible for the metadata information.</cntper><cntorg>REQUIRED: The organization responsible for the metadata information.</cntorg></cntorgp><cntaddr><addrtype>REQUIRED: The mailing and/or physical address for the organization or individual.</addrtype><city>REQUIRED: The city of the address.</city><state>REQUIRED: The state or province of the address.</state><postal>REQUIRED: The ZIP or other postal code of the address.</postal></cntaddr><cntvoice>REQUIRED: The telephone number by which individuals can speak to the organization or individual.</cntvoice></cntinfo></metc><metd Sync="TRUE">20101215</metd></metainfo><mdLang><languageCode Sync="TRUE" value="eng"/><countryCode value="USA" Sync="TRUE"/></mdLang><mdStanName>ArcGIS Metadata</mdStanName><mdStanVer>1.0</mdStanVer><mdChar><CharSetCd Sync="TRUE" value="004"/></mdChar><mdHrLv><ScopeCd Sync="TRUE" value="005"/></mdHrLv><mdHrLvName Sync="TRUE">dataset</mdHrLvName><distinfo><resdesc Sync="TRUE">Downloadable Data</resdesc></distinfo><distInfo><distributor><distorTran><onLineSrc><orDesc Sync="TRUE">002</orDesc><linkage Sync="TRUE">file://\\MENTOS\WorkSpace\temp\prj_template.gdb</linkage><protocol Sync="TRUE">Local Area Network</protocol></onLineSrc></distorTran><distorFormat><formatName Sync="TRUE">File Geodatabase Feature Class</formatName></distorFormat></distributor><distFormat><formatName Sync="TRUE">File Geodatabase Feature Class</formatName></distFormat></distInfo><spdoinfo><direct Sync="TRUE">Vector</direct><ptvctinf><esriterm Name="PLSSTownship"><efeatyp Sync="TRUE">Simple</efeatyp><efeageom code="4" Sync="TRUE"/><esritopo Sync="TRUE">FALSE</esritopo><efeacnt Sync="TRUE">0</efeacnt><spindex Sync="TRUE">TRUE</spindex><linrefer Sync="TRUE">FALSE</linrefer></esriterm></ptvctinf></spdoinfo><spref><horizsys><cordsysn><geogcsn Sync="TRUE">GCS_WGS_1984</geogcsn></cordsysn><geograph><geogunit Sync="TRUE">Decimal degrees</geogunit><latres Sync="TRUE">0.000000</latres><longres Sync="TRUE">0.000000</longres></geograph><geodetic><horizdn Sync="TRUE">D_WGS_1984</horizdn><ellips Sync="TRUE">WGS_1984</ellips><semiaxis Sync="TRUE">6378137.000000</semiaxis><denflat Sync="TRUE">298.257224</denflat></geodetic></horizsys><vertdef><altsys><altenc Sync="TRUE">Explicit elevation coordinate included with horizontal coordinates</altenc><altres Sync="TRUE">0.000003</altres></altsys></vertdef></spref><refSysInfo><RefSystem><refSysID><identCode Sync="TRUE" code="4269">GCS_WGS_1984</identCode><idCodeSpace Sync="TRUE">EPSG</idCodeSpace><idVersion Sync="TRUE">8.2.6</idVersion></refSysID></RefSystem></refSysInfo><spatRepInfo><VectSpatRep><geometObjs Name="PLSSTownship"><geoObjTyp><GeoObjTypCd value="002" Sync="TRUE"/></geoObjTyp><geoObjCnt Sync="TRUE">0</geoObjCnt></geometObjs><topLvl><TopoLevCd value="001" Sync="TRUE"/></topLvl></VectSpatRep></spatRepInfo><mdDateSt Sync="TRUE">20150331</mdDateSt><dataqual><lineage><procstep><procdesc Sync="TRUE">Dataset copied.</procdesc><srcused Sync="TRUE">\\MENTOS\WorkSpace\temp\prj_template.gdb</srcused><procdate Sync="TRUE">20101215</procdate><proctime Sync="TRUE">14071800</proctime></procstep></lineage></dataqual></metadata>
