<?xml version="1.0" encoding="UTF-8"?>
<metadata xml:lang="en"><Esri><CreaDate>20210706</CreaDate><CreaTime>16292600</CreaTime><ArcGISFormat>1.0</ArcGISFormat><SyncOnce>TRUE</SyncOnce><DataProperties><lineage><Process ToolSource="c:\program files\arcgis\pro\Resources\ArcToolbox\toolboxes\Conversion Tools.tbx\FeatureClassToFeatureClass" Date="20210706" Time="162926">FeatureClassToFeatureClass Master_shapefile_8March2021 "C:\Users\Likhitha\Desktop\Anish\New Folder" Master_shapefile_6July2021.shp # "lot_no "lot_no" true true false 10 Long 0 10,First,#,Master_shapefile_8March2021,Master_shapefile_8March2021.lot_no,-1,-1;LEASE_NO "LEASE_NO" true true false 255 Text 0 0,First,#,Master_shapefile_8March2021,T_Master___Plotted$_.LEASE_NO_,0,255;GRANTEE "GRANTEE" true true false 255 Text 0 0,First,#,Master_shapefile_8March2021,T_Master___Plotted$_.GRANTEE,0,255;ACRES "ACRES" true true false 8 Double 0 0,First,#,Master_shapefile_8March2021,T_Master___Plotted$_.ACRES,-1,-1;COUNTY "COUNTY" true true false 255 Text 0 0,First,#,Master_shapefile_8March2021,T_Master___Plotted$_.COUNTY,0,255;ST "ST" true true false 255 Text 0 0,First,#,Master_shapefile_8March2021,T_Master___Plotted$_.ST,0,255;Est_Bonus "Est_Bonus" true true false 10 Long 0 10,First,#,Master_shapefile_8March2021,Master_shapefile_8March2021.Est_Bonus,-1,-1;EFFECTIVE_DATE "EFFECTIVE_DATE" true true false 8 Date 0 0,First,#,Master_shapefile_8March2021,T_Master___Plotted$_.EFFECTIVE_DATE_OF_LEASE,-1,-1;SALE_DATE "SALE DATE" true true false 8 Date 0 0,First,#,Master_shapefile_8March2021,T_Master___Plotted$_.SALE_DATE,-1,-1;EXPIRATION_DATE "EXPIRATION DATE" true true false 8 Date 0 0,First,#,Master_shapefile_8March2021,T_Master___Plotted$_.EXPIRATION_DATE,-1,-1;GeneralLoc "GeneralLoc" true true false 80 Text 0 0,First,#,Master_shapefile_8March2021,Master_shapefile_8March2021.GeneralLoc,0,80;EXPIRATION_YEAR "EXPIRATION YEAR" true true false 8 Double 0 0,First,#,Master_shapefile_8March2021,T_Master___Plotted$_.EXPIRATION_YEAR,-1,-1;STATUS_COMMENTS "STATUS/COMMENTS" true true false 255 Text 0 0,First,#,Master_shapefile_8March2021,T_Master___Plotted$_.STATUS_COMMENTS,0,255;ObjectID "ObjectID" false true false 4 Long 0 9,First,#,Master_shapefile_8March2021,T_Master___Plotted$_.ObjectID,-1,-1" #</Process><Process ToolSource="c:\program files\arcgis\pro\Resources\ArcToolbox\toolboxes\Data Management Tools.tbx\UpdateSchema" Date="20210706" Time="163153">UpdateSchema "CIMDATA=&lt;CIMStandardDataConnection xsi:type='typens:CIMStandardDataConnection' xmlns:xsi='http://www.w3.org/2001/XMLSchema-instance' xmlns:xs='http://www.w3.org/2001/XMLSchema' xmlns:typens='http://www.esri.com/schemas/ArcGIS/2.6.0'&gt;&lt;WorkspaceConnectionString&gt;DATABASE=C:\Users\Likhitha\Desktop\Anish\New Folder&lt;/WorkspaceConnectionString&gt;&lt;WorkspaceFactory&gt;Shapefile&lt;/WorkspaceFactory&gt;&lt;Dataset&gt;Master_shapefile_6July2021&lt;/Dataset&gt;&lt;DatasetType&gt;esriDTFeatureClass&lt;/DatasetType&gt;&lt;/CIMStandardDataConnection&gt;" &lt;operationSequence&gt;&lt;workflow&gt;&lt;AlterField&gt;&lt;field_name&gt;EFFECTIVE_&lt;/field_name&gt;&lt;field_is_nullable&gt;False&lt;/field_is_nullable&gt;&lt;clear_field_alias&gt;False&lt;/clear_field_alias&gt;&lt;/AlterField&gt;&lt;/workflow&gt;&lt;workflow&gt;&lt;AlterField&gt;&lt;field_name&gt;SALE_DATE&lt;/field_name&gt;&lt;field_is_nullable&gt;False&lt;/field_is_nullable&gt;&lt;clear_field_alias&gt;False&lt;/clear_field_alias&gt;&lt;/AlterField&gt;&lt;/workflow&gt;&lt;workflow&gt;&lt;AlterField&gt;&lt;field_name&gt;EXPIRATION&lt;/field_name&gt;&lt;field_is_nullable&gt;False&lt;/field_is_nullable&gt;&lt;clear_field_alias&gt;False&lt;/clear_field_alias&gt;&lt;/AlterField&gt;&lt;/workflow&gt;&lt;/operationSequence&gt;</Process><Process ToolSource="c:\program files\arcgis\pro\Resources\ArcToolbox\toolboxes\Data Management Tools.tbx\UpdateSchema" Date="20210706" Time="163201">UpdateSchema "CIMDATA=&lt;CIMStandardDataConnection xsi:type='typens:CIMStandardDataConnection' xmlns:xsi='http://www.w3.org/2001/XMLSchema-instance' xmlns:xs='http://www.w3.org/2001/XMLSchema' xmlns:typens='http://www.esri.com/schemas/ArcGIS/2.6.0'&gt;&lt;WorkspaceConnectionString&gt;DATABASE=C:\Users\Likhitha\Desktop\Anish\New Folder&lt;/WorkspaceConnectionString&gt;&lt;WorkspaceFactory&gt;Shapefile&lt;/WorkspaceFactory&gt;&lt;Dataset&gt;Master_shapefile_6July2021&lt;/Dataset&gt;&lt;DatasetType&gt;esriDTFeatureClass&lt;/DatasetType&gt;&lt;/CIMStandardDataConnection&gt;" &lt;operationSequence&gt;&lt;workflow&gt;&lt;AlterField&gt;&lt;field_name&gt;EFFECTIVE_&lt;/field_name&gt;&lt;field_is_nullable&gt;False&lt;/field_is_nullable&gt;&lt;clear_field_alias&gt;False&lt;/clear_field_alias&gt;&lt;/AlterField&gt;&lt;/workflow&gt;&lt;workflow&gt;&lt;AlterField&gt;&lt;field_name&gt;SALE_DATE&lt;/field_name&gt;&lt;field_is_nullable&gt;False&lt;/field_is_nullable&gt;&lt;clear_field_alias&gt;False&lt;/clear_field_alias&gt;&lt;/AlterField&gt;&lt;/workflow&gt;&lt;workflow&gt;&lt;AlterField&gt;&lt;field_name&gt;EXPIRATION&lt;/field_name&gt;&lt;field_is_nullable&gt;False&lt;/field_is_nullable&gt;&lt;clear_field_alias&gt;False&lt;/clear_field_alias&gt;&lt;/AlterField&gt;&lt;/workflow&gt;&lt;/operationSequence&gt;</Process></lineage></DataProperties></Esri></metadata>
