<?xml version="1.0" encoding="UTF-8"?>
<metadata xml:lang="en"><Esri><CreaDate>20210803</CreaDate><CreaTime>17034100</CreaTime><ArcGISFormat>1.0</ArcGISFormat><SyncOnce>TRUE</SyncOnce><DataProperties><lineage><Process ToolSource="c:\program files\arcgis\pro\Resources\ArcToolbox\toolboxes\Conversion Tools.tbx\FeatureClassToFeatureClass" Date="20210803" Time="170341">FeatureClassToFeatureClass Master_shapefile_28July2021 C:\Users\Likhitha\Desktop\Anish\Sage Master_shapefile_03August2021.shp # "lot_no "lot_no" true true false 10 Long 0 10,First,#,Master_shapefile_28July2021,Master_shapefile_28July2021.lot_no,-1,-1;LEASE_NO "LEASE_NO" true true false 80 Text 0 0,First,#,Master_shapefile_28July2021,Master_shapefile_28July2021.LEASE_NO,0,80;EFFECTIVE "EFFECTIVE" true true false 80 Text 0 0,First,#,Master_shapefile_28July2021,Master_shapefile_28July2021.EFFECTIVE,0,80;SALE_DATE "SALE DATE" true true false 8 Date 0 0,First,#,Master_shapefile_28July2021,Shapefile$.SALE_DATE,-1,-1;Exp_date "Exp_date" true true false 8 Date 0 0,First,#,Master_shapefile_28July2021,Master_shapefile_28July2021.Exp_date,-1,-1;COUNTY "COUNTY" true true false 80 Text 0 0,First,#,Master_shapefile_28July2021,Master_shapefile_28July2021.COUNTY,0,80;ST "ST" true true false 80 Text 0 0,First,#,Master_shapefile_28July2021,Master_shapefile_28July2021.ST,0,80;Ownership "Ownership" true true false 80 Text 0 0,First,#,Master_shapefile_28July2021,Master_shapefile_28July2021.Ownership,0,80;GeneralLoc "GeneralLoc" true true false 80 Text 0 0,First,#,Master_shapefile_28July2021,Master_shapefile_28July2021.GeneralLoc,0,80;Due_Year "Due_Year" true true false 19 Double 0 0,First,#,Master_shapefile_28July2021,Master_shapefile_28July2021.Due_Year,-1,-1;Acres "Acres" true true false 19 Double 0 0,First,#,Master_shapefile_28July2021,Master_shapefile_28July2021.Acres,-1,-1;COMMENTS "COMMENTS" true true false 254 Text 0 0,First,#,Master_shapefile_28July2021,Master_shapefile_28July2021.COMMENTS,0,254;Est_Bonus "Est_Bonus" true true false 10 Long 0 10,First,#,Master_shapefile_28July2021,Master_shapefile_28July2021.Est_Bonus,-1,-1;Comments_1 "Comments_1" true true false 254 Text 0 0,First,#,Master_shapefile_28July2021,Master_shapefile_28July2021.Comments_1,0,254;Shape_Leng "Shape_Leng" true true false 19 Double 0 0,First,#,Master_shapefile_28July2021,Master_shapefile_28July2021.Shape_Leng,-1,-1;Shape_Area "Shape_Area" true true false 19 Double 0 0,First,#,Master_shapefile_28July2021,Master_shapefile_28July2021.Shape_Area,-1,-1;ObjectID "ObjectID" false true false 4 Long 0 9,First,#,Master_shapefile_28July2021,Shapefile$.ObjectID,-1,-1" #</Process></lineage><LayerFile>{"type":"CIMLayerDocument","version":"2.6.0","build":24783,"layers":["CIMPATH=map/master_shapefile_03august2021.xml"],"layerDefinitions":[{"type":"CIMFeatureLayer","name":"Master_shapefile_03August2021","uRI":"CIMPATH=map/master_shapefile_03august2021.xml","sourceModifiedTime":{"type":"TimeInstant"},"useSourceMetadata":true,"description":"Master_shapefile_03August2021","layerElevation":{"type":"CIMLayerElevationSurface","mapElevationID":"{9E08CE4C-DD20-4552-8796-7053D428AB63}"},"expanded":true,"layer3DProperties":{"type":"CIM3DLayerProperties","castShadows":true,"isLayerLit":true,"layerFaceCulling":"None","maxDistance":-1,"minDistance":-1,"preloadTextureCutoffHigh":0,"preloadTextureCutoffLow":0.25,"textureCutoffHigh":0.25,"textureCutoffLow":1,"useCompressedTextures":true,"verticalExaggeration":1,"exaggerationMode":"ScaleZ","verticalUnit":{"uwkid":9001},"lighting":"OneSideDataNormal"},"layerType":"Operational","showLegends":true,"visibility":true,"displayCacheType":"Permanent","maxDisplayCacheAge":5,"showPopups":true,"serviceLayerID":-1,"refreshRate":-1,"refreshRateUnit":"esriTimeUnitsSeconds","autoGenerateFeatureTemplates":true,"featureElevationExpression":"0","featureTable":{"type":"CIMFeatureTable","displayField":"lot_no","editable":true,"dataConnection":{"type":"CIMStandardDataConnection","workspaceConnectionString":"DATABASE=..\\..\\..\\..\\Desktop\\Anish\\Sage","workspaceFactory":"Shapefile","dataset":"Master_shapefile_03August2021","datasetType":"esriDTFeatureClass"},"studyAreaSpatialRel":"esriSpatialRelUndefined","searchOrder":"esriSearchOrderSpatial"},"htmlPopupEnabled":true,"selectable":true,"featureCacheType":"Session","displayFiltersType":"ByScale","labelClasses":[{"type":"CIMLabelClass","expression":"$feature['Master_shapefile_28July2021.PARCELID']","expressionEngine":"Arcade","featuresToLabel":"AllVisibleFeatures","maplexLabelPlacementProperties":{"type":"CIMMaplexLabelPlacementProperties","featureType":"Polygon","avoidPolygonHoles":true,"canOverrunFeature":true,"canPlaceLabelOutsidePolygon":true,"canRemoveOverlappingLabel":true,"canStackLabel":true,"connectionType":"Unambiguous","constrainOffset":"NoConstraint","contourAlignmentType":"Page","contourLadderType":"Straight","contourMaximumAngle":90,"enableConnection":true,"featureWeight":0,"fontHeightReductionLimit":4,"fontHeightReductionStep":0.5,"fontWidthReductionLimit":90,"fontWidthReductionStep":5,"graticuleAlignmentType":"Straight","keyNumberGroupName":"Default","labelBuffer":15,"labelLargestPolygon":true,"labelPriority":-1,"labelStackingProperties":{"type":"CIMMaplexLabelStackingProperties","stackAlignment":"ChooseBest","maximumNumberOfLines":3,"minimumNumberOfCharsPerLine":3,"maximumNumberOfCharsPerLine":24,"separators":[{"type":"CIMMaplexStackingSeparator","separator":" ","splitAfter":true},{"type":"CIMMaplexStackingSeparator","separator":",","visible":true,"splitAfter":true}]},"lineFeatureType":"General","linePlacementMethod":"OffsetCurvedFromLine","maximumLabelOverrun":80,"maximumLabelOverrunUnit":"Point","minimumFeatureSizeUnit":"Map","multiPartOption":"OneLabelPerPart","offsetAlongLineProperties":{"type":"CIMMaplexOffsetAlongLineProperties","placementMethod":"BestPositionAlongLine","labelAnchorPoint":"CenterOfLabel","distanceUnit":"Percentage","useLineDirection":true},"pointExternalZonePriorities":{"type":"CIMMaplexExternalZonePriorities","aboveLeft":4,"aboveCenter":2,"aboveRight":1,"centerRight":3,"belowRight":5,"belowCenter":7,"belowLeft":8,"centerLeft":6},"pointPlacementMethod":"AroundPoint","polygonAnchorPointType":"GeometricCenter","polygonBoundaryWeight":0,"polygonExternalZones":{"type":"CIMMaplexExternalZonePriorities","aboveLeft":4,"aboveCenter":2,"aboveRight":1,"centerRight":3,"belowRight":5,"belowCenter":7,"belowLeft":8,"centerLeft":6},"polygonFeatureType":"General","polygonInternalZones":{"type":"CIMMaplexInternalZonePriorities","center":1},"polygonPlacementMethod":"HorizontalInPolygon","primaryOffset":1,"primaryOffsetUnit":"Point","removeExtraWhiteSpace":true,"repetitionIntervalUnit":"Point","rotationProperties":{"type":"CIMMaplexRotationProperties","rotationType":"Arithmetic","alignmentType":"Straight"},"secondaryOffset":100,"strategyPriorities":{"type":"CIMMaplexStrategyPriorities","stacking":1,"overrun":2,"fontCompression":3,"fontReduction":4,"abbreviation":5},"thinningDistanceUnit":"Point","truncationMarkerCharacter":".","truncationMinimumLength":1,"truncationPreferredCharacters":"aeiou","truncationExcludedCharacters":"0123456789"},"name":"Class 1","priority":-1,"standardLabelPlacementProperties":{"type":"CIMStandardLabelPlacementProperties","featureType":"Line","featureWeight":"Low","labelWeight":"High","numLabelsOption":"OneLabelPerName","lineLabelPosition":{"type":"CIMStandardLineLabelPosition","above":true,"inLine":true,"parallel":true},"lineLabelPriorities":{"type":"CIMStandardLineLabelPriorities","aboveStart":3,"aboveAlong":3,"aboveEnd":3,"centerStart":3,"centerAlong":3,"centerEnd":3,"belowStart":3,"belowAlong":3,"belowEnd":3},"pointPlacementMethod":"AroundPoint","pointPlacementPriorities":{"type":"CIMStandardPointPlacementPriorities","aboveLeft":2,"aboveCenter":2,"aboveRight":1,"centerLeft":3,"centerRight":2,"belowLeft":3,"belowCenter":3,"belowRight":2},"rotationType":"Arithmetic","polygonPlacementMethod":"AlwaysHorizontal"},"textSymbol":{"type":"CIMSymbolReference","symbol":{"type":"CIMTextSymbol","blockProgression":"TTB","depth3D":1,"extrapolateBaselines":true,"fontEffects":"Normal","fontEncoding":"Unicode","fontFamilyName":"Tahoma","fontStyleName":"Regular","fontType":"Unspecified","haloSize":1,"height":10,"hinting":"Default","horizontalAlignment":"Left","kerning":true,"letterWidth":100,"ligatures":true,"lineGapType":"ExtraLeading","symbol":{"type":"CIMPolygonSymbol","symbolLayers":[{"type":"CIMSolidFill","enable":true,"color":{"type":"CIMRGBColor","values":[0,0,0,100]}}]},"textCase":"Normal","textDirection":"LTR","verticalAlignment":"Bottom","verticalGlyphOrientation":"Right","wordSpacing":100,"billboardMode3D":"FaceNearPlane"}},"useCodedValue":true,"visibility":true,"iD":-1}],"renderer":{"type":"CIMSimpleRenderer","patch":"Default","symbol":{"type":"CIMSymbolReference","symbol":{"type":"CIMPolygonSymbol","symbolLayers":[{"type":"CIMSolidStroke","enable":true,"capStyle":"Round","joinStyle":"Round","lineStyle3D":"Strip","miterLimit":10,"width":0.40000000000000002,"color":{"type":"CIMRGBColor","values":[0,0,0,100]}},{"type":"CIMSolidFill","enable":true,"color":{"type":"CIMRGBColor","values":[255,85,0,100]}}]}}},"scaleSymbols":true,"snappable":true}]}</LayerFile></DataProperties></Esri></metadata>
